monks-2,CWT_ig,test,2,NANOSECONDS,PREDICTIONS, Generated by ClassifierExperiments.java on 2022-05-15 19:28:40.    SYSTEMPROPERTIES:{user.name:matth,os.arch:amd64,os.name:Windows 10},ENDSYSTEMPROPERTIES
No parameter info
0.743801652892562,2075100,13500,-1,16974088,2,,-1,-1
0,0,,1,0,,800,,
0,0,,1,0,,500,,
0,0,,1,0,,400,,
0,0,,1,0,,0,,
0,0,,1,0,,200,,
0,0,,1,0,,400,,
0,0,,1,0,,100,,
0,0,,1,0,,100,,
0,0,,1,0,,200,,
0,0,,1,0,,100,,
0,0,,1,0,,300,,
0,1,,0,1,,300,,
0,0,,1,0,,100,,
0,0,,0.5,0.5,,200,,
0,0,,1,0,,100,,
0,0,,1,0,,100,,
0,0,,1,0,,200,,
0,0,,1,0,,0,,
0,0,,1,0,,100,,
0,0,,0.5,0.5,,100,,
0,1,,0,1,,0,,
0,0,,1,0,,100,,
0,0,,1,0,,100,,
0,0,,1,0,,100,,
0,0,,1,0,,300,,
0,0,,1,0,,100,,
0,1,,0,1,,100,,
0,1,,0,1,,100,,
0,0,,1,0,,0,,
0,1,,0,1,,0,,
0,0,,1,0,,100,,
0,1,,0,1,,100,,
0,1,,0,1,,100,,
0,0,,1,0,,0,,
0,0,,1,0,,100,,
0,0,,1,0,,0,,
0,0,,1,0,,200,,
0,0,,1,0,,100,,
0,0,,1,0,,100,,
0,0,,1,0,,100,,
0,1,,0,1,,0,,
0,1,,0,1,,0,,
0,0,,1,0,,100,,
0,1,,0,1,,100,,
0,0,,1,0,,200,,
0,0,,1,0,,0,,
0,0,,1,0,,0,,
0,0,,1,0,,200,,
0,1,,0,1,,300,,
0,0,,1,0,,100,,
0,1,,0,1,,100,,
0,0,,1,0,,200,,
0,1,,0,1,,100,,
0,0,,1,0,,0,,
0,0,,1,0,,0,,
0,0,,1,0,,100,,
0,0,,1,0,,100,,
0,0,,1,0,,0,,
0,0,,1,0,,0,,
0,0,,1,0,,100,,
0,0,,1,0,,100,,
0,0,,1,0,,0,,
0,0,,1,0,,0,,
0,0,,1,0,,200,,
0,1,,0,1,,100,,
0,1,,0,1,,100,,
0,0,,1,0,,100,,
0,0,,0.5,0.5,,0,,
0,0,,1,0,,0,,
0,0,,1,0,,0,,
0,0,,1,0,,100,,
0,0,,1,0,,100,,
0,1,,0,1,,0,,
0,0,,1,0,,200,,
0,0,,0.5,0.5,,100,,
0,0,,1,0,,100,,
0,1,,0,1,,100,,
0,0,,1,0,,0,,
0,1,,0,1,,0,,
1,1,,0,1,,1800,,
1,0,,1,0,,0,,
1,1,,0,1,,0,,
1,1,,0.333333,0.666667,,100,,
1,0,,1,0,,100,,
1,1,,0,1,,100,,
1,1,,0,1,,100,,
1,1,,0,1,,0,,
1,1,,0,1,,0,,
1,0,,1,0,,0,,
1,0,,1,0,,100,,
1,1,,0,1,,100,,
1,1,,0,1,,100,,
1,0,,1,0,,0,,
1,0,,0.5,0.5,,0,,
1,1,,0,1,,200,,
1,1,,0,1,,100,,
1,1,,0,1,,100,,
1,0,,1,0,,100,,
1,1,,0.25,0.75,,0,,
1,1,,0,1,,0,,
1,1,,0,1,,100,,
1,1,,0,1,,100,,
1,1,,0,1,,0,,
1,0,,1,0,,0,,
1,1,,0.333333,0.666667,,200,,
1,0,,0.5,0.5,,100,,
1,1,,0,1,,0,,
1,1,,0.333333,0.666667,,0,,
1,1,,0.333333,0.666667,,100,,
1,0,,1,0,,0,,
1,1,,0,1,,200,,
1,0,,1,0,,100,,
1,0,,1,0,,100,,
1,1,,0,1,,0,,
1,1,,0,1,,0,,
1,1,,0.333333,0.666667,,0,,
1,1,,0.333333,0.666667,,0,,
1,1,,0,1,,100,,
1,1,,0.333333,0.666667,,100,,
1,1,,0,1,,100,,
1,0,,1,0,,100,,