monks-2,CWT_ig,test,4,NANOSECONDS,PREDICTIONS, Generated by ClassifierExperiments.java on 2022-05-15 19:28:46.    SYSTEMPROPERTIES:{user.name:matth,os.arch:amd64,os.name:Windows 10},ENDSYSTEMPROPERTIES
No parameter info
0.6363636363636364,1962000,12300,-1,17453336,2,,-1,-1
0,1,,0,1,,1000,,
0,0,,0.5,0.5,,400,,
0,0,,1,0,,500,,
0,1,,0.333333,0.666667,,300,,
0,1,,0,1,,100,,
0,0,,1,0,,100,,
0,0,,0.5,0.5,,100,,
0,0,,1,0,,200,,
0,0,,0.75,0.25,,300,,
0,0,,1,0,,100,,
0,1,,0,1,,200,,
0,0,,1,0,,200,,
0,1,,0,1,,200,,
0,1,,0,1,,100,,
0,0,,1,0,,100,,
0,0,,1,0,,0,,
0,1,,0,1,,200,,
0,1,,0,1,,0,,
0,0,,1,0,,0,,
0,0,,1,0,,100,,
0,1,,0,1,,300,,
0,0,,1,0,,0,,
0,0,,1,0,,0,,
0,1,,0,1,,100,,
0,1,,0,1,,0,,
0,1,,0,1,,100,,
0,1,,0,1,,100,,
0,0,,0.5,0.5,,100,,
0,0,,1,0,,100,,
0,0,,1,0,,0,,
0,0,,0.5,0.5,,0,,
0,0,,1,0,,0,,
0,0,,1,0,,100,,
0,0,,1,0,,100,,
0,0,,1,0,,200,,
0,1,,0,1,,100,,
0,0,,1,0,,100,,
0,0,,1,0,,200,,
0,0,,1,0,,200,,
0,0,,0.5,0.5,,100,,
0,0,,1,0,,100,,
0,1,,0,1,,100,,
0,0,,1,0,,0,,
0,1,,0,1,,400,,
0,1,,0.25,0.75,,100,,
0,0,,1,0,,100,,
0,0,,1,0,,100,,
0,0,,1,0,,100,,
0,0,,1,0,,0,,
0,0,,1,0,,0,,
0,1,,0,1,,0,,
0,0,,1,0,,100,,
0,0,,1,0,,100,,
0,0,,1,0,,100,,
0,0,,0.666667,0.333333,,100,,
0,0,,1,0,,0,,
0,0,,1,0,,200,,
0,0,,1,0,,0,,
0,0,,1,0,,100,,
0,1,,0,1,,100,,
0,1,,0,1,,100,,
0,0,,0.5,0.5,,0,,
0,1,,0,1,,0,,
0,1,,0,1,,100,,
0,0,,1,0,,100,,
0,0,,1,0,,100,,
0,0,,1,0,,100,,
0,0,,1,0,,100,,
0,0,,1,0,,100,,
0,1,,0,1,,0,,
0,0,,1,0,,0,,
0,0,,1,0,,0,,
0,1,,0,1,,400,,
0,0,,1,0,,0,,
0,0,,0.666667,0.333333,,0,,
0,0,,1,0,,0,,
0,0,,1,0,,300,,
0,0,,1,0,,100,,
0,1,,0,1,,100,,
1,1,,0,1,,200,,
1,0,,1,0,,0,,
1,0,,0.5,0.5,,0,,
1,1,,0.25,0.75,,100,,
1,1,,0,1,,0,,
1,1,,0.333333,0.666667,,0,,
1,0,,1,0,,0,,
1,0,,0.5,0.5,,100,,
1,0,,0.5,0.5,,100,,
1,0,,0.5,0.5,,100,,
1,1,,0,1,,0,,
1,0,,1,0,,0,,
1,1,,0,1,,0,,
1,1,,0,1,,100,,
1,0,,1,0,,100,,
1,0,,1,0,,100,,
1,1,,0,1,,100,,
1,1,,0.333333,0.666667,,100,,
1,0,,0.5,0.5,,0,,
1,1,,0,1,,100,,
1,0,,0.5,0.5,,100,,
1,1,,0,1,,100,,
1,1,,0,1,,100,,
1,1,,0,1,,0,,
1,0,,0.5,0.5,,0,,
1,1,,0,1,,100,,
1,1,,0.333333,0.666667,,0,,
1,0,,1,0,,100,,
1,1,,0,1,,100,,
1,0,,1,0,,100,,
1,1,,0,1,,0,,
1,1,,0,1,,100,,
1,0,,1,0,,100,,
1,1,,0,1,,0,,
1,1,,0,1,,100,,
1,1,,0,1,,100,,
1,1,,0,1,,100,,
1,0,,1,0,,0,,
1,0,,0.5,0.5,,100,,
1,0,,0.666667,0.333333,,100,,
1,1,,0.25,0.75,,100,,
1,0,,1,0,,100,,