fertility,Rotf,test,2,NANOSECONDS,PREDICTIONS, Generated by ClassifierExperiments.java on 2022-05-16 03:29:55.    SYSTEMPROPERTIES:{user.name:matth,os.arch:amd64,os.name:Windows 10},ENDSYSTEMPROPERTIES
No parameter info
0.8571428571428571,101600,2100,-1,0,2,,-1,-1
0,0,,0.886076,0.113924,,600,,
0,0,,0.886076,0.113924,,0,,
0,0,,0.886076,0.113924,,100,,
0,0,,0.886076,0.113924,,100,,
0,0,,0.886076,0.113924,,0,,
0,0,,0.886076,0.113924,,100,,
0,0,,0.886076,0.113924,,100,,
0,0,,0.886076,0.113924,,0,,
0,0,,0.886076,0.113924,,100,,
0,0,,0.886076,0.113924,,100,,
0,0,,0.886076,0.113924,,100,,
0,0,,0.886076,0.113924,,100,,
0,0,,0.886076,0.113924,,100,,
0,0,,0.886076,0.113924,,0,,
0,0,,0.886076,0.113924,,0,,
0,0,,0.886076,0.113924,,100,,
0,0,,0.886076,0.113924,,0,,
0,0,,0.886076,0.113924,,100,,
1,0,,0.886076,0.113924,,100,,
1,0,,0.886076,0.113924,,200,,
1,0,,0.886076,0.113924,,100,,