spect-heart,CWE,test,1,NANOSECONDS,PREDICTIONS, Generated by ClassifierExperiments.java on 2022-05-15 21:50:13.    SYSTEMPROPERTIES:{user.name:matth,os.arch:amd64,os.name:Windows 10},ENDSYSTEMPROPERTIES
No parameter info
0.7037037037037037,27935200,31066100,-1,24940816,2,,-1,-1
0,1,,0.429094,0.570906,,683800,,
0,0,,0.75062,0.24938,,591400,,
0,1,,0.488141,0.511859,,577500,,
0,1,,0.478149,0.521851,,574000,,
0,0,,0.582795,0.417205,,576300,,
0,0,,0.623019,0.376981,,574200,,
0,0,,0.688013,0.311987,,568200,,
0,0,,0.586286,0.413714,,573900,,
0,0,,0.791752,0.208248,,568100,,
0,0,,0.702997,0.297003,,568500,,
0,1,,0.35029,0.64971,,565600,,
0,0,,0.654313,0.345687,,570000,,
0,0,,0.735356,0.264644,,580700,,
0,0,,0.61849,0.38151,,567900,,
0,0,,0.791752,0.208248,,570500,,
0,0,,0.801292,0.198708,,568900,,
0,1,,0.371587,0.628413,,589500,,
0,0,,0.703252,0.296748,,577400,,
0,0,,0.600981,0.399019,,579700,,
0,0,,0.656228,0.343772,,579800,,
0,1,,0.476808,0.523192,,582000,,
0,0,,0.830119,0.169881,,568500,,
0,1,,0.400926,0.599074,,569800,,
0,0,,0.666568,0.333432,,580500,,
0,0,,0.807329,0.192671,,571700,,
0,0,,0.788867,0.211133,,571500,,
0,1,,0.458262,0.541738,,574500,,
0,1,,0.318582,0.681418,,572200,,
0,0,,0.718867,0.281133,,572800,,
0,0,,0.542979,0.457021,,567400,,
0,0,,0.785677,0.214323,,569400,,
0,0,,0.717674,0.282326,,571000,,
1,0,,0.57997,0.42003,,580000,,
1,1,,0.219626,0.780374,,570800,,
1,1,,0.416631,0.583369,,568800,,
1,1,,0.471879,0.528121,,575500,,
1,0,,0.551438,0.448562,,570300,,
1,1,,0.345014,0.654986,,571400,,
1,0,,0.678237,0.321763,,572500,,
1,1,,0.411474,0.588526,,573100,,
1,1,,0.347286,0.652714,,567900,,
1,0,,0.500939,0.499061,,571400,,
1,1,,0.445659,0.554341,,572300,,
1,1,,0.342215,0.657785,,568600,,
1,1,,0.273521,0.726479,,568600,,
1,0,,0.843397,0.156603,,572900,,
1,1,,0.430358,0.569642,,570900,,
1,1,,0.418297,0.581703,,570600,,
1,1,,0.232981,0.767019,,579400,,
1,0,,0.830199,0.169801,,587300,,
1,1,,0.318776,0.681224,,570500,,
1,1,,0.199277,0.800723,,568800,,
1,0,,0.659128,0.340872,,568500,,
1,1,,0.25027,0.74973,,568800,,