spect-heart,CWE,test,2,NANOSECONDS,PREDICTIONS, Generated by ClassifierExperiments.java on 2022-05-15 22:00:17.    SYSTEMPROPERTIES:{user.name:matth,os.arch:amd64,os.name:Windows 10},ENDSYSTEMPROPERTIES
No parameter info
0.6666666666666666,34114900,32871000,-1,25209816,2,,-1,-1
0,0,,0.662232,0.337768,,696100,,
0,0,,0.626987,0.373013,,602900,,
0,0,,0.584422,0.415578,,603900,,
0,0,,0.771911,0.228089,,599200,,
0,0,,0.771911,0.228089,,589000,,
0,0,,0.740556,0.259444,,596900,,
0,1,,0.429314,0.570686,,589300,,
0,0,,0.763173,0.236827,,599900,,
0,0,,0.852272,0.147728,,589700,,
0,1,,0.358727,0.641273,,592600,,
0,0,,0.664896,0.335104,,615800,,
0,0,,0.592692,0.407308,,619500,,
0,0,,0.771911,0.228089,,606800,,
0,0,,0.607787,0.392213,,598200,,
0,0,,0.699254,0.300746,,665100,,
0,0,,0.612914,0.387086,,601200,,
0,0,,0.817032,0.182968,,596100,,
0,1,,0.341362,0.658638,,594700,,
0,0,,0.501176,0.498824,,616400,,
0,0,,0.650534,0.349466,,607100,,
0,0,,0.674764,0.325236,,647600,,
0,0,,0.689469,0.310531,,614300,,
0,0,,0.771911,0.228089,,639400,,
0,0,,0.788188,0.211812,,603800,,
0,1,,0.408319,0.591681,,605700,,
0,0,,0.797128,0.202872,,594200,,
0,0,,0.661431,0.338569,,597900,,
0,0,,0.577052,0.422948,,604600,,
0,0,,0.771911,0.228089,,600200,,
0,0,,0.69354,0.30646,,597000,,
0,1,,0.469996,0.530004,,602400,,
0,0,,0.821363,0.178637,,597300,,
1,0,,0.625792,0.374208,,600200,,
1,1,,0.460996,0.539004,,598300,,
1,0,,0.593398,0.406602,,608000,,
1,0,,0.508564,0.491436,,609700,,
1,0,,0.541837,0.458163,,606400,,
1,1,,0.376846,0.623154,,600900,,
1,0,,0.515179,0.484821,,611400,,
1,0,,0.628381,0.371619,,683300,,
1,0,,0.666929,0.333071,,625100,,
1,1,,0.341786,0.658214,,610200,,
1,1,,0.403338,0.596662,,614400,,
1,0,,0.529206,0.470794,,612500,,
1,1,,0.372439,0.627561,,604000,,
1,0,,0.669027,0.330973,,608200,,
1,1,,0.348772,0.651228,,594300,,
1,1,,0.273666,0.726334,,600200,,
1,0,,0.538084,0.461916,,597400,,
1,0,,0.856486,0.143514,,606200,,
1,1,,0.487201,0.512799,,607100,,
1,0,,0.673818,0.326182,,599100,,
1,1,,0.255716,0.744284,,589600,,
1,0,,0.593283,0.406717,,599700,,