spect-heart,CWE,test,3,NANOSECONDS,PREDICTIONS, Generated by ClassifierExperiments.java on 2022-05-15 22:14:41.    SYSTEMPROPERTIES:{user.name:matth,os.arch:amd64,os.name:Windows 10},ENDSYSTEMPROPERTIES
No parameter info
0.7037037037037037,45799700,34002600,-1,24781184,2,,-1,-1
0,0,,0.865399,0.134601,,822000,,
0,0,,0.74262,0.25738,,678900,,
0,0,,0.915187,0.084813,,610400,,
0,0,,0.875261,0.124739,,607200,,
0,0,,0.541803,0.458197,,604700,,
0,0,,0.697233,0.302767,,616500,,
0,0,,0.568166,0.431834,,601200,,
0,0,,0.906029,0.093971,,596600,,
0,0,,0.627261,0.372739,,596700,,
0,1,,0.422664,0.577336,,605100,,
0,1,,0.342649,0.657351,,598700,,
0,0,,0.697533,0.302467,,708000,,
0,0,,0.714666,0.285334,,636800,,
0,0,,0.506221,0.493779,,607900,,
0,0,,0.594452,0.405548,,605600,,
0,0,,0.519804,0.480196,,601000,,
0,1,,0.364543,0.635457,,593600,,
0,1,,0.40957,0.59043,,608600,,
0,0,,0.631258,0.368742,,654100,,
0,0,,0.742634,0.257366,,606600,,
0,0,,0.832119,0.167881,,601000,,
0,1,,0.401192,0.598808,,604600,,
0,0,,0.538753,0.461247,,641200,,
0,1,,0.372886,0.627114,,750100,,
0,0,,0.589028,0.410972,,621700,,
0,1,,0.424972,0.575028,,615400,,
0,0,,0.815965,0.184035,,644300,,
0,0,,0.641107,0.358893,,605500,,
0,0,,0.583526,0.416474,,617100,,
0,1,,0.364475,0.635525,,609000,,
0,0,,0.80985,0.19015,,612000,,
0,0,,0.815965,0.184035,,601500,,
1,0,,0.508245,0.491755,,601100,,
1,1,,0.430079,0.569921,,609800,,
1,1,,0.387878,0.612122,,655400,,
1,0,,0.599058,0.400942,,599400,,
1,0,,0.849686,0.150314,,605100,,
1,0,,0.690478,0.309522,,619500,,
1,1,,0.363674,0.636326,,601700,,
1,1,,0.245244,0.754756,,592500,,
1,1,,0.471189,0.528811,,599800,,
1,1,,0.254725,0.745275,,587600,,
1,1,,0.389006,0.610994,,607700,,
1,0,,0.815965,0.184035,,610000,,
1,1,,0.443868,0.556132,,600600,,
1,0,,0.565464,0.434536,,786000,,
1,0,,0.885276,0.114724,,752400,,
1,1,,0.422664,0.577336,,638200,,
1,1,,0.271054,0.728946,,671800,,
1,1,,0.28279,0.71721,,625300,,
1,0,,0.522756,0.477244,,697300,,
1,1,,0.467781,0.532219,,625400,,
1,1,,0.209128,0.790872,,609700,,
1,1,,0.390033,0.609967,,622700,,