spect-heart,CWE,test,4,NANOSECONDS,PREDICTIONS, Generated by ClassifierExperiments.java on 2022-05-15 22:26:08.    SYSTEMPROPERTIES:{user.name:matth,os.arch:amd64,os.name:Windows 10},ENDSYSTEMPROPERTIES
No parameter info
0.6851851851851852,35024200,30485600,-1,25153488,2,,-1,-1
0,0,,0.820225,0.179775,,653900,,
0,0,,0.684173,0.315827,,569600,,
0,0,,0.684173,0.315827,,555300,,
0,0,,0.655817,0.344183,,560200,,
0,0,,0.693313,0.306687,,559000,,
0,0,,0.801317,0.198683,,555900,,
0,0,,0.660918,0.339082,,555900,,
0,0,,0.712133,0.287867,,554800,,
0,1,,0.406609,0.593391,,560400,,
0,0,,0.636868,0.363132,,553400,,
0,0,,0.820225,0.179775,,553600,,
0,0,,0.634392,0.365608,,552700,,
0,0,,0.677878,0.322122,,552300,,
0,0,,0.713103,0.286897,,555400,,
0,1,,0.253411,0.746589,,562500,,
0,0,,0.776985,0.223015,,557700,,
0,0,,0.722514,0.277486,,556900,,
0,1,,0.290834,0.709166,,555000,,
0,0,,0.682902,0.317098,,591000,,
0,1,,0.271013,0.728987,,568800,,
0,0,,0.726389,0.273611,,565800,,
0,0,,0.834966,0.165034,,561800,,
0,0,,0.575218,0.424782,,564800,,
0,1,,0.404458,0.595542,,562500,,
0,0,,0.709544,0.290456,,563500,,
0,1,,0.434653,0.565347,,568600,,
0,0,,0.502549,0.497451,,563200,,
0,0,,0.819819,0.180181,,563400,,
0,1,,0.301375,0.698625,,563100,,
0,1,,0.409406,0.590594,,564700,,
0,0,,0.820225,0.179775,,566900,,
0,0,,0.677859,0.322141,,564200,,
1,0,,0.673299,0.326701,,565900,,
1,0,,0.684173,0.315827,,564100,,
1,1,,0.222241,0.777759,,563800,,
1,0,,0.537473,0.462527,,563100,,
1,0,,0.52218,0.47782,,564800,,
1,1,,0.445797,0.554203,,563900,,
1,0,,0.645601,0.354399,,564200,,
1,1,,0.402734,0.597266,,564100,,
1,1,,0.313116,0.686884,,561000,,
1,1,,0.440289,0.559711,,562300,,
1,1,,0.203568,0.796432,,561500,,
1,0,,0.820225,0.179775,,564300,,
1,1,,0.280155,0.719845,,569400,,
1,1,,0.416016,0.583984,,593500,,
1,1,,0.490279,0.509721,,564800,,
1,0,,0.703851,0.296149,,563400,,
1,0,,0.53482,0.46518,,563300,,
1,1,,0.326698,0.673302,,561400,,
1,0,,0.703395,0.296605,,562800,,
1,1,,0.364161,0.635839,,562000,,
1,1,,0.493254,0.506746,,562300,,
1,1,,0.321757,0.678243,,562900,,