planning,Tuned_CWT,test,4,NANOSECONDS,PREDICTIONS, Generated by ClassifierExperiments.java on 2022-05-16 01:30:02.    SYSTEMPROPERTIES:{user.name:matth,os.arch:amd64,os.name:Windows 10},ENDSYSTEMPROPERTIES
No parameter info
0.7027027027027027,10559400,21888400,-1,0,2,,-1,-1
0,0,,0.697775,0.302225,,1116800,,
0,0,,0.73548,0.26452,,1042000,,
0,0,,0.71558,0.28442,,1034100,,
0,0,,0.719953,0.280047,,1064200,,
0,0,,0.761829,0.238171,,995500,,
0,0,,0.766201,0.233799,,522200,,
0,0,,0.75333,0.24667,,525800,,
0,0,,0.750415,0.249585,,517100,,
0,0,,0.75333,0.24667,,520200,,
0,0,,0.73333,0.26667,,516400,,
0,0,,0.71558,0.28442,,519000,,
0,0,,0.739953,0.260047,,513700,,
0,0,,0.726619,0.273381,,523000,,
0,0,,0.75333,0.24667,,518500,,
0,0,,0.73333,0.26667,,517800,,
0,0,,0.727803,0.272197,,516700,,
0,0,,0.73548,0.26452,,520800,,
0,0,,0.73548,0.26452,,518400,,
0,0,,0.719997,0.280003,,519100,,
0,0,,0.758914,0.241086,,517300,,
0,0,,0.743676,0.256324,,519200,,
0,0,,0.757702,0.242298,,516300,,
0,0,,0.742247,0.257753,,535800,,
0,0,,0.75333,0.24667,,521000,,
0,0,,0.73333,0.26667,,521900,,
0,0,,0.722247,0.277753,,519600,,
1,0,,0.739953,0.260047,,520000,,
1,0,,0.766201,0.233799,,516800,,
1,0,,0.732565,0.267435,,518200,,
1,0,,0.71333,0.28667,,518300,,
1,0,,0.742247,0.257753,,543300,,
1,0,,0.75333,0.24667,,521000,,
1,0,,0.715508,0.284492,,515500,,
1,0,,0.757702,0.242298,,516400,,
1,0,,0.710415,0.289585,,514800,,
1,0,,0.750645,0.249355,,516700,,
1,0,,0.75333,0.24667,,515000,,