planning,Tuned_CWT,test,2,NANOSECONDS,PREDICTIONS, Generated by ClassifierExperiments.java on 2022-05-16 01:22:37.    SYSTEMPROPERTIES:{user.name:matth,os.arch:amd64,os.name:Windows 10},ENDSYSTEMPROPERTIES
No parameter info
0.7027027027027027,41578600,21679100,-1,23295536,2,,-1,-1
0,0,,0.767494,0.232506,,636700,,
0,0,,0.619328,0.380672,,561100,,
0,0,,0.755014,0.244986,,548300,,
0,0,,0.81219,0.18781,,550500,,
0,0,,0.810972,0.189028,,547800,,
0,0,,0.758649,0.241351,,545800,,
0,0,,0.702661,0.297339,,544500,,
0,0,,0.508357,0.491643,,542500,,
0,0,,0.765222,0.234778,,544400,,
0,0,,0.697106,0.302894,,544400,,
0,0,,0.543913,0.456087,,563700,,
0,0,,0.766778,0.233222,,543400,,
0,0,,0.853889,0.146111,,549000,,
0,0,,0.624468,0.375532,,562700,,
0,0,,0.805316,0.194684,,821700,,
0,0,,0.794205,0.205795,,920800,,
0,0,,0.809316,0.190684,,904100,,
0,0,,0.726135,0.273865,,765500,,
0,0,,0.821667,0.178333,,660300,,
0,0,,0.736278,0.263722,,581800,,
0,0,,0.775413,0.224587,,539000,,
0,0,,0.76187,0.23813,,560100,,
0,0,,0.652439,0.347561,,542000,,
0,0,,0.812125,0.187875,,540500,,
0,0,,0.573079,0.426921,,547800,,
0,0,,0.82526,0.17474,,549500,,
1,0,,0.753611,0.246389,,565400,,
1,0,,0.731833,0.268167,,541900,,
1,0,,0.757272,0.242728,,540000,,
1,0,,0.754883,0.245117,,535400,,
1,0,,0.772111,0.227889,,546500,,
1,0,,0.727389,0.272611,,539300,,
1,0,,0.779389,0.220611,,540000,,
1,0,,0.811131,0.188869,,539800,,
1,0,,0.850757,0.149243,,536000,,
1,0,,0.731833,0.268167,,538300,,
1,0,,0.810606,0.189394,,538600,,