planning,Tuned_CWT,test,0,NANOSECONDS,PREDICTIONS, Generated by ClassifierExperiments.java on 2022-05-16 21:13:51.    SYSTEMPROPERTIES:{user.name:matth,os.arch:amd64,os.name:Windows 10},ENDSYSTEMPROPERTIES
CourseworkTree,BESTPARAS:{S: gini, D: 1, },SPACE:{,	S: [ gain, ratio, gini, chi, ],	D: [ 1, 2, 4, 8, 16, 32, 64, unlimited, ],}
0.7027027027027027,975800,2200,-1,0,2,,-1,-1
0,0,,0.652778,0.347222,,600,,
0,0,,0.652778,0.347222,,0,,
0,0,,0.780822,0.219178,,100,,
0,0,,0.652778,0.347222,,100,,
0,0,,0.652778,0.347222,,0,,
0,0,,0.652778,0.347222,,0,,
0,0,,0.652778,0.347222,,0,,
0,0,,0.652778,0.347222,,0,,
0,0,,0.652778,0.347222,,0,,
0,0,,0.652778,0.347222,,0,,
0,0,,0.652778,0.347222,,100,,
0,0,,0.780822,0.219178,,0,,
0,0,,0.780822,0.219178,,100,,
0,0,,0.652778,0.347222,,100,,
0,0,,0.780822,0.219178,,0,,
0,0,,0.652778,0.347222,,0,,
0,0,,0.652778,0.347222,,0,,
0,0,,0.780822,0.219178,,100,,
0,0,,0.652778,0.347222,,100,,
0,0,,0.780822,0.219178,,100,,
0,0,,0.780822,0.219178,,0,,
0,0,,0.652778,0.347222,,0,,
0,0,,0.652778,0.347222,,0,,
0,0,,0.780822,0.219178,,100,,
0,0,,0.780822,0.219178,,100,,
0,0,,0.652778,0.347222,,0,,
1,0,,0.652778,0.347222,,0,,
1,0,,0.652778,0.347222,,0,,
1,0,,0.780822,0.219178,,100,,
1,0,,0.652778,0.347222,,100,,
1,0,,0.652778,0.347222,,100,,
1,0,,0.780822,0.219178,,100,,
1,0,,0.652778,0.347222,,100,,
1,0,,0.780822,0.219178,,100,,
1,0,,0.652778,0.347222,,0,,
1,0,,0.780822,0.219178,,0,,
1,0,,0.780822,0.219178,,0,,