habermans-survival,LADTree,test,0,NANOSECONDS,PREDICTIONS, Generated by ClassifierExperiments.java on 2022-05-16 13:17:26.    SYSTEMPROPERTIES:{user.name:matth,os.arch:amd64,os.name:Windows 10},ENDSYSTEMPROPERTIES
No parameter info
0.7258064516129032,3196400,14358300,-1,0,2,,-1,-1
0,0,,0.809368,0.190632,,267700,,
0,0,,0.751082,0.248918,,228300,,
0,0,,0.751082,0.248918,,233300,,
0,0,,0.622355,0.377645,,229500,,
0,0,,0.820082,0.179918,,229800,,
0,0,,0.715082,0.284918,,230000,,
0,0,,0.715082,0.284918,,228600,,
0,0,,0.731446,0.268554,,236200,,
0,0,,0.828415,0.171585,,228300,,
0,0,,0.731446,0.268554,,228000,,
0,0,,0.775082,0.224918,,228400,,
0,0,,0.701534,0.298466,,232400,,
0,0,,0.828415,0.171585,,228000,,
0,0,,0.731446,0.268554,,228100,,
0,0,,0.751082,0.248918,,228300,,
0,0,,0.828415,0.171585,,263100,,
0,0,,0.828415,0.171585,,228000,,
0,0,,0.622355,0.377645,,229000,,
0,0,,0.715082,0.284918,,228000,,
0,0,,0.622355,0.377645,,228900,,
0,0,,0.731446,0.268554,,232000,,
0,0,,0.731446,0.268554,,228800,,
0,0,,0.715082,0.284918,,230300,,
0,0,,0.701534,0.298466,,229100,,
0,0,,0.731446,0.268554,,228900,,
0,0,,0.731446,0.268554,,228500,,
0,0,,0.704173,0.295827,,256100,,
0,0,,0.704173,0.295827,,229500,,
0,0,,0.715082,0.284918,,231600,,
0,0,,0.828415,0.171585,,228500,,
0,0,,0.715082,0.284918,,229400,,
0,0,,0.715082,0.284918,,229200,,
0,0,,0.828415,0.171585,,228600,,
0,0,,0.809368,0.190632,,231600,,
0,0,,0.715082,0.284918,,228200,,
0,0,,0.828415,0.171585,,228300,,
0,0,,0.809368,0.190632,,227600,,
0,0,,0.695082,0.304918,,234000,,
0,0,,0.828415,0.171585,,234600,,
0,0,,0.775082,0.224918,,232200,,
0,0,,0.715082,0.284918,,238700,,
0,0,,0.715082,0.284918,,234700,,
0,0,,0.704173,0.295827,,230700,,
0,0,,0.701534,0.298466,,229300,,
0,0,,0.820082,0.179918,,229400,,
1,0,,0.622355,0.377645,,233300,,
1,0,,0.731446,0.268554,,228500,,
1,0,,0.828415,0.171585,,229300,,
1,0,,0.622355,0.377645,,229900,,
1,0,,0.701534,0.298466,,228200,,
1,0,,0.701534,0.298466,,238300,,
1,0,,0.622355,0.377645,,224900,,
1,0,,0.704173,0.295827,,225500,,
1,0,,0.715082,0.284918,,227000,,
1,0,,0.715082,0.284918,,239700,,
1,0,,0.775082,0.224918,,228700,,
1,0,,0.809368,0.190632,,229400,,
1,0,,0.695082,0.304918,,228300,,
1,0,,0.828415,0.171585,,228900,,
1,0,,0.704173,0.295827,,229900,,
1,0,,0.731446,0.268554,,230200,,
1,0,,0.715082,0.284918,,226600,,