habermans-survival,LADTree,test,3,NANOSECONDS,PREDICTIONS, Generated by ClassifierExperiments.java on 2022-05-16 13:39:40.    SYSTEMPROPERTIES:{user.name:matth,os.arch:amd64,os.name:Windows 10},ENDSYSTEMPROPERTIES
No parameter info
0.7258064516129032,3485900,14326700,-1,0,2,,-1,-1
0,0,,0.671194,0.328806,,266800,,
0,0,,0.769896,0.230104,,227800,,
0,0,,0.769896,0.230104,,227600,,
0,0,,0.795564,0.204436,,235600,,
0,0,,0.769896,0.230104,,230900,,
0,0,,0.795564,0.204436,,228200,,
0,0,,0.769896,0.230104,,228400,,
0,0,,0.769896,0.230104,,228300,,
0,0,,0.762623,0.237377,,230600,,
0,0,,0.713591,0.286409,,229800,,
0,0,,0.671194,0.328806,,229200,,
0,0,,0.795564,0.204436,,230200,,
0,0,,0.769896,0.230104,,229200,,
0,0,,0.70929,0.29071,,230300,,
0,0,,0.769896,0.230104,,227800,,
0,0,,0.769896,0.230104,,227800,,
0,0,,0.762623,0.237377,,227600,,
0,0,,0.738919,0.261081,,230400,,
0,0,,0.769896,0.230104,,228300,,
0,0,,0.70929,0.29071,,228800,,
0,0,,0.70929,0.29071,,229400,,
0,0,,0.75929,0.24071,,231500,,
0,0,,0.71535,0.28465,,229100,,
0,0,,0.795564,0.204436,,228600,,
0,0,,0.70929,0.29071,,229600,,
0,0,,0.75929,0.24071,,228800,,
0,0,,0.713591,0.286409,,246400,,
0,0,,0.692623,0.307377,,229600,,
0,0,,0.71535,0.28465,,230000,,
0,0,,0.692623,0.307377,,230800,,
0,0,,0.762623,0.237377,,231600,,
0,0,,0.795564,0.204436,,228200,,
0,0,,0.762623,0.237377,,228600,,
0,0,,0.738919,0.261081,,229800,,
0,0,,0.795564,0.204436,,232100,,
0,0,,0.795564,0.204436,,229600,,
0,0,,0.795564,0.204436,,228800,,
0,0,,0.742623,0.257377,,229200,,
0,0,,0.762623,0.237377,,228500,,
0,0,,0.671194,0.328806,,231200,,
0,0,,0.75929,0.24071,,232300,,
0,0,,0.71535,0.28465,,230800,,
0,0,,0.713591,0.286409,,237500,,
0,0,,0.75929,0.24071,,230400,,
0,0,,0.762623,0.237377,,228900,,
1,0,,0.671194,0.328806,,230700,,
1,0,,0.671194,0.328806,,232400,,
1,0,,0.75929,0.24071,,229200,,
1,0,,0.795564,0.204436,,229000,,
1,0,,0.713591,0.286409,,227800,,
1,0,,0.762623,0.237377,,227900,,
1,0,,0.692623,0.307377,,228400,,
1,0,,0.671194,0.328806,,229800,,
1,0,,0.762623,0.237377,,228900,,
1,0,,0.70929,0.29071,,228200,,
1,0,,0.71535,0.28465,,228600,,
1,0,,0.671194,0.328806,,230300,,
1,0,,0.75929,0.24071,,229600,,
1,0,,0.75929,0.24071,,229700,,
1,0,,0.71535,0.28465,,232700,,
1,0,,0.713591,0.286409,,263200,,
1,0,,0.738919,0.261081,,225400,,