habermans-survival,LADTree,test,1,NANOSECONDS,PREDICTIONS, Generated by ClassifierExperiments.java on 2022-05-16 13:24:15.    SYSTEMPROPERTIES:{user.name:matth,os.arch:amd64,os.name:Windows 10},ENDSYSTEMPROPERTIES
No parameter info
0.7258064516129032,3288400,14098600,-1,0,2,,-1,-1
0,0,,0.731446,0.268554,,261600,,
0,0,,0.795082,0.204918,,227000,,
0,0,,0.731446,0.268554,,229000,,
0,0,,0.731446,0.268554,,226200,,
0,0,,0.731446,0.268554,,223800,,
0,0,,0.731446,0.268554,,224200,,
0,0,,0.731446,0.268554,,226000,,
0,0,,0.745082,0.254918,,224700,,
0,0,,0.737187,0.262813,,224300,,
0,0,,0.737187,0.262813,,223800,,
0,0,,0.785991,0.214009,,222900,,
0,0,,0.840537,0.159463,,259700,,
0,0,,0.731446,0.268554,,227700,,
0,0,,0.795082,0.204918,,227000,,
0,0,,0.628415,0.371585,,228700,,
0,0,,0.637939,0.362061,,224000,,
0,0,,0.731446,0.268554,,223200,,
0,0,,0.795082,0.204918,,223200,,
0,0,,0.737187,0.262813,,223000,,
0,0,,0.717304,0.282696,,224100,,
0,0,,0.737187,0.262813,,223100,,
0,0,,0.731446,0.268554,,228600,,
0,0,,0.637939,0.362061,,233600,,
0,0,,0.785991,0.214009,,225500,,
0,0,,0.717304,0.282696,,227800,,
0,0,,0.628415,0.371585,,225300,,
0,0,,0.731446,0.268554,,245700,,
0,0,,0.795082,0.204918,,223100,,
0,0,,0.723653,0.276347,,223700,,
0,0,,0.731446,0.268554,,224200,,
0,0,,0.723653,0.276347,,230900,,
0,0,,0.785991,0.214009,,225600,,
0,0,,0.840537,0.159463,,226500,,
0,0,,0.717304,0.282696,,224100,,
0,0,,0.795082,0.204918,,225000,,
0,0,,0.795082,0.204918,,229900,,
0,0,,0.731446,0.268554,,222700,,
0,0,,0.637939,0.362061,,225300,,
0,0,,0.723653,0.276347,,224100,,
0,0,,0.785991,0.214009,,225800,,
0,0,,0.785991,0.214009,,225400,,
0,0,,0.785991,0.214009,,224400,,
0,0,,0.723653,0.276347,,224300,,
0,0,,0.731446,0.268554,,227400,,
0,0,,0.840537,0.159463,,232900,,
1,0,,0.723653,0.276347,,223700,,
1,0,,0.731446,0.268554,,225200,,
1,0,,0.737187,0.262813,,226100,,
1,0,,0.737187,0.262813,,230800,,
1,0,,0.723653,0.276347,,226300,,
1,0,,0.723653,0.276347,,227300,,
1,0,,0.737187,0.262813,,225600,,
1,0,,0.731446,0.268554,,226600,,
1,0,,0.723653,0.276347,,225000,,
1,0,,0.840537,0.159463,,226500,,
1,0,,0.637939,0.362061,,226800,,
1,0,,0.731446,0.268554,,226600,,
1,0,,0.795082,0.204918,,229500,,
1,0,,0.637939,0.362061,,223900,,
1,0,,0.737187,0.262813,,226300,,
1,0,,0.637939,0.362061,,223600,,
1,0,,0.637939,0.362061,,229800,,