habermans-survival,LADTree,test,2,NANOSECONDS,PREDICTIONS, Generated by ClassifierExperiments.java on 2022-05-16 13:31:54.    SYSTEMPROPERTIES:{user.name:matth,os.arch:amd64,os.name:Windows 10},ENDSYSTEMPROPERTIES
No parameter info
0.7258064516129032,3127300,14361500,-1,0,2,,-1,-1
0,0,,0.696503,0.303497,,257600,,
0,0,,0.77936,0.22064,,232900,,
0,0,,0.724122,0.275878,,226500,,
0,0,,0.814184,0.185816,,230100,,
0,0,,0.682693,0.317307,,227800,,
0,0,,0.672336,0.327664,,228700,,
0,0,,0.724122,0.275878,,314700,,
0,0,,0.682693,0.317307,,251800,,
0,0,,0.731654,0.268346,,231100,,
0,0,,0.731654,0.268346,,226900,,
0,0,,0.731654,0.268346,,235100,,
0,0,,0.841503,0.158497,,226700,,
0,0,,0.682693,0.317307,,228500,,
0,0,,0.682693,0.317307,,226600,,
0,0,,0.672336,0.327664,,227300,,
0,0,,0.75599,0.24401,,225100,,
0,0,,0.731654,0.268346,,226000,,
0,0,,0.814184,0.185816,,224700,,
0,0,,0.77936,0.22064,,230200,,
0,0,,0.814184,0.185816,,226600,,
0,0,,0.75599,0.24401,,227500,,
0,0,,0.724122,0.275878,,228100,,
0,0,,0.672336,0.327664,,226100,,
0,0,,0.77936,0.22064,,236000,,
0,0,,0.672336,0.327664,,228900,,
0,0,,0.77936,0.22064,,228000,,
0,0,,0.672336,0.327664,,236600,,
0,0,,0.814184,0.185816,,231100,,
0,0,,0.75599,0.24401,,227300,,
0,0,,0.696503,0.303497,,230200,,
0,0,,0.682693,0.317307,,229100,,
0,0,,0.696503,0.303497,,264200,,
0,0,,0.696503,0.303497,,228000,,
0,0,,0.731654,0.268346,,227200,,
0,0,,0.682693,0.317307,,227400,,
0,0,,0.612445,0.387555,,227700,,
0,0,,0.731654,0.268346,,231000,,
0,0,,0.77936,0.22064,,228000,,
0,0,,0.77936,0.22064,,230100,,
0,0,,0.77936,0.22064,,230300,,
0,0,,0.612445,0.387555,,234600,,
0,0,,0.696503,0.303497,,230700,,
0,0,,0.77936,0.22064,,230400,,
0,0,,0.77936,0.22064,,232000,,
0,0,,0.612445,0.387555,,230500,,
1,0,,0.731654,0.268346,,226800,,
1,0,,0.612445,0.387555,,227300,,
1,0,,0.731654,0.268346,,229600,,
1,0,,0.682693,0.317307,,227300,,
1,0,,0.612445,0.387555,,231000,,
1,0,,0.724122,0.275878,,226800,,
1,0,,0.75599,0.24401,,225800,,
1,0,,0.696503,0.303497,,225900,,
1,0,,0.682693,0.317307,,231100,,
1,0,,0.77936,0.22064,,228900,,
1,0,,0.841503,0.158497,,227200,,
1,0,,0.724122,0.275878,,227300,,
1,0,,0.75599,0.24401,,231800,,
1,0,,0.814184,0.185816,,227700,,
1,0,,0.724122,0.275878,,227200,,
1,0,,0.696503,0.303497,,227100,,
1,0,,0.77936,0.22064,,226800,,