monks-2,CWE,test,4,NANOSECONDS,PREDICTIONS, Generated by ClassifierExperiments.java on 2022-05-16 01:07:52.    SYSTEMPROPERTIES:{user.name:matth,os.arch:amd64,os.name:Windows 10},ENDSYSTEMPROPERTIES
CourseworkTree,BESTPARAS:{S: ratio, D: 32, },SPACE:{,	S: [ gain, ratio, gini, chi, ],	D: [ 1, 2, 4, 8, 16, 32, 64, unlimited, ],}
0.6942148760330579,14272600,12500,-1,20441264,2,,-1,-1
0,1,,0,1,,1800,,
0,0,,1,0,,400,,
0,0,,1,0,,500,,
0,1,,0.333333,0.666667,,100,,
0,1,,0,1,,0,,
0,0,,1,0,,200,,
0,0,,0.5,0.5,,100,,
0,0,,1,0,,200,,
0,0,,0.75,0.25,,200,,
0,0,,1,0,,200,,
0,1,,0,1,,200,,
0,0,,1,0,,100,,
0,1,,0,1,,200,,
0,0,,1,0,,200,,
0,0,,1,0,,100,,
0,0,,1,0,,0,,
0,1,,0,1,,0,,
0,1,,0,1,,100,,
0,0,,1,0,,100,,
0,0,,1,0,,0,,
0,0,,1,0,,300,,
0,0,,1,0,,0,,
0,0,,1,0,,100,,
0,0,,1,0,,100,,
0,1,,0,1,,100,,
0,1,,0,1,,100,,
0,1,,0,1,,0,,
0,1,,0,1,,100,,
0,0,,1,0,,100,,
0,0,,1,0,,100,,
0,0,,0.5,0.5,,0,,
0,0,,1,0,,0,,
0,0,,1,0,,100,,
0,0,,1,0,,200,,
0,0,,1,0,,200,,
0,0,,1,0,,100,,
0,0,,1,0,,0,,
0,0,,1,0,,100,,
0,0,,1,0,,100,,
0,0,,0.5,0.5,,0,,
0,0,,1,0,,100,,
0,1,,0,1,,100,,
0,0,,1,0,,100,,
0,0,,1,0,,0,,
0,1,,0.25,0.75,,100,,
0,0,,1,0,,0,,
0,0,,1,0,,100,,
0,0,,1,0,,100,,
0,0,,1,0,,100,,
0,0,,1,0,,0,,
0,1,,0,1,,0,,
0,0,,1,0,,100,,
0,0,,1,0,,0,,
0,0,,1,0,,0,,
0,0,,0.666667,0.333333,,100,,
0,0,,1,0,,100,,
0,0,,1,0,,100,,
0,0,,1,0,,0,,
0,0,,1,0,,0,,
0,1,,0,1,,200,,
0,1,,0,1,,100,,
0,0,,0.5,0.5,,0,,
0,1,,0,1,,100,,
0,0,,0.5,0.5,,100,,
0,0,,1,0,,100,,
0,0,,1,0,,0,,
0,0,,1,0,,0,,
0,0,,1,0,,0,,
0,0,,1,0,,100,,
0,0,,0.666667,0.333333,,100,,
0,0,,1,0,,0,,
0,0,,1,0,,200,,
0,1,,0,1,,100,,
0,0,,1,0,,100,,
0,0,,0.666667,0.333333,,0,,
0,0,,1,0,,100,,
0,0,,1,0,,100,,
0,0,,1,0,,100,,
0,1,,0,1,,100,,
1,1,,0,1,,100,,
1,0,,1,0,,100,,
1,0,,0.5,0.5,,100,,
1,1,,0.25,0.75,,0,,
1,1,,0,1,,100,,
1,1,,0.333333,0.666667,,100,,
1,0,,1,0,,100,,
1,0,,0.5,0.5,,100,,
1,0,,0.5,0.5,,0,,
1,0,,1,0,,100,,
1,1,,0,1,,100,,
1,0,,1,0,,100,,
1,1,,0,1,,100,,
1,1,,0,1,,100,,
1,0,,1,0,,100,,
1,0,,1,0,,0,,
1,1,,0,1,,200,,
1,1,,0.333333,0.666667,,100,,
1,0,,0.5,0.5,,100,,
1,1,,0,1,,100,,
1,1,,0,1,,0,,
1,0,,1,0,,100,,
1,1,,0,1,,100,,
1,1,,0,1,,100,,
1,0,,1,0,,0,,
1,1,,0,1,,100,,
1,1,,0.333333,0.666667,,100,,
1,0,,1,0,,100,,
1,1,,0,1,,100,,
1,0,,1,0,,0,,
1,1,,0,1,,100,,
1,1,,0,1,,100,,
1,0,,1,0,,0,,
1,1,,0,1,,100,,
1,1,,0,1,,100,,
1,1,,0,1,,100,,
1,1,,0,1,,0,,
1,0,,1,0,,100,,
1,0,,1,0,,100,,
1,0,,0.666667,0.333333,,100,,
1,1,,0.25,0.75,,0,,
1,1,,0,1,,0,,