monks-2,CWE,test,0,NANOSECONDS,PREDICTIONS, Generated by ClassifierExperiments.java on 2022-05-16 00:36:30.    SYSTEMPROPERTIES:{user.name:matth,os.arch:amd64,os.name:Windows 10},ENDSYSTEMPROPERTIES
CourseworkTree,BESTPARAS:{S: ratio, D: 8, },SPACE:{,	S: [ gain, ratio, gini, chi, ],	D: [ 1, 2, 4, 8, 16, 32, 64, unlimited, ],}
0.7107438016528925,22734700,23900,-1,20682464,2,,-1,-1
0,0,,1,0,,2600,,
0,0,,1,0,,1300,,
0,1,,0,1,,1000,,
0,0,,1,0,,0,,
0,0,,1,0,,0,,
0,0,,1,0,,500,,
0,0,,0.5,0.5,,400,,
0,0,,1,0,,100,,
0,1,,0.333333,0.666667,,400,,
0,1,,0,1,,200,,
0,0,,1,0,,800,,
0,1,,0,1,,300,,
0,0,,1,0,,0,,
0,0,,1,0,,200,,
0,0,,1,0,,500,,
0,1,,0,1,,800,,
0,1,,0,1,,200,,
0,1,,0,1,,500,,
0,0,,1,0,,100,,
0,0,,1,0,,0,,
0,0,,1,0,,100,,
0,0,,1,0,,500,,
0,0,,1,0,,100,,
0,0,,1,0,,700,,
0,1,,0,1,,500,,
0,1,,0,1,,200,,
0,1,,0,1,,300,,
0,1,,0,1,,100,,
0,0,,1,0,,200,,
0,1,,0,1,,0,,
0,0,,1,0,,400,,
0,1,,0,1,,0,,
0,0,,1,0,,100,,
0,0,,1,0,,100,,
0,1,,0,1,,0,,
0,0,,1,0,,0,,
0,1,,0,1,,100,,
0,0,,1,0,,100,,
0,0,,1,0,,0,,
0,1,,0,1,,0,,
0,0,,1,0,,100,,
0,0,,1,0,,0,,
0,0,,1,0,,0,,
0,0,,1,0,,100,,
0,0,,1,0,,100,,
0,0,,1,0,,100,,
0,0,,1,0,,400,,
0,1,,0,1,,100,,
0,0,,1,0,,100,,
0,0,,1,0,,100,,
0,1,,0,1,,200,,
0,0,,0.5,0.5,,0,,
0,1,,0,1,,300,,
0,0,,1,0,,0,,
0,0,,1,0,,100,,
0,0,,1,0,,400,,
0,0,,1,0,,0,,
0,1,,0.333333,0.666667,,0,,
0,0,,1,0,,100,,
0,1,,0,1,,100,,
0,0,,1,0,,200,,
0,0,,0.5,0.5,,100,,
0,0,,1,0,,100,,
0,1,,0,1,,0,,
0,0,,1,0,,0,,
0,1,,0,1,,100,,
0,0,,1,0,,100,,
0,1,,0,1,,0,,
0,0,,1,0,,0,,
0,0,,1,0,,100,,
0,0,,1,0,,100,,
0,1,,0,1,,100,,
0,0,,1,0,,100,,
0,0,,1,0,,100,,
0,0,,1,0,,100,,
0,1,,0,1,,0,,
0,0,,1,0,,100,,
0,0,,1,0,,100,,
0,1,,0,1,,100,,
1,1,,0,1,,400,,
1,1,,0,1,,200,,
1,1,,0,1,,100,,
1,0,,1,0,,0,,
1,1,,0.333333,0.666667,,700,,
1,0,,1,0,,100,,
1,1,,0.333333,0.666667,,100,,
1,1,,0,1,,100,,
1,0,,1,0,,100,,
1,0,,1,0,,0,,
1,0,,0.666667,0.333333,,100,,
1,1,,0,1,,100,,
1,1,,0,1,,700,,
1,1,,0,1,,100,,
1,1,,0,1,,0,,
1,1,,0.333333,0.666667,,100,,
1,1,,0.333333,0.666667,,100,,
1,1,,0,1,,200,,
1,1,,0,1,,200,,
1,1,,0,1,,100,,
1,1,,0,1,,100,,
1,1,,0,1,,300,,
1,0,,1,0,,300,,
1,1,,0,1,,100,,
1,1,,0,1,,0,,
1,1,,0.333333,0.666667,,100,,
1,1,,0,1,,200,,
1,1,,0,1,,100,,
1,0,,0.5,0.5,,100,,
1,1,,0.333333,0.666667,,0,,
1,1,,0,1,,100,,
1,1,,0,1,,0,,
1,1,,0,1,,300,,
1,1,,0,1,,400,,
1,1,,0,1,,0,,
1,1,,0,1,,200,,
1,0,,0.5,0.5,,600,,
1,1,,0,1,,100,,
1,1,,0,1,,0,,
1,1,,0,1,,100,,
1,1,,0,1,,100,,
1,1,,0,1,,0,,