monks-2,CWT_ratio,test,4,NANOSECONDS,PREDICTIONS, Generated by ClassifierExperiments.java on 2022-05-15 19:29:02.    SYSTEMPROPERTIES:{user.name:matth,os.arch:amd64,os.name:Windows 10},ENDSYSTEMPROPERTIES
No parameter info
0.6942148760330579,1896900,14500,-1,17986032,2,,-1,-1
0,1,,0,1,,1200,,
0,0,,1,0,,600,,
0,0,,1,0,,600,,
0,1,,0.333333,0.666667,,200,,
0,1,,0,1,,300,,
0,0,,1,0,,100,,
0,0,,0.5,0.5,,100,,
0,0,,1,0,,300,,
0,0,,0.75,0.25,,600,,
0,0,,1,0,,100,,
0,1,,0,1,,200,,
0,0,,1,0,,200,,
0,1,,0,1,,400,,
0,0,,1,0,,100,,
0,0,,1,0,,200,,
0,0,,1,0,,100,,
0,1,,0,1,,100,,
0,1,,0,1,,200,,
0,0,,1,0,,100,,
0,0,,1,0,,100,,
0,0,,1,0,,300,,
0,0,,1,0,,100,,
0,0,,1,0,,100,,
0,0,,1,0,,100,,
0,1,,0,1,,0,,
0,1,,0,1,,100,,
0,1,,0,1,,0,,
0,1,,0,1,,200,,
0,0,,1,0,,100,,
0,0,,1,0,,300,,
0,0,,0.5,0.5,,0,,
0,0,,1,0,,0,,
0,0,,1,0,,100,,
0,0,,1,0,,300,,
0,0,,1,0,,100,,
0,0,,1,0,,200,,
0,0,,1,0,,0,,
0,0,,1,0,,100,,
0,0,,1,0,,100,,
0,0,,0.5,0.5,,100,,
0,0,,1,0,,100,,
0,1,,0,1,,100,,
0,0,,1,0,,0,,
0,0,,1,0,,100,,
0,1,,0.25,0.75,,100,,
0,0,,1,0,,0,,
0,0,,1,0,,0,,
0,0,,1,0,,100,,
0,0,,1,0,,100,,
0,0,,1,0,,0,,
0,1,,0,1,,100,,
0,0,,1,0,,200,,
0,0,,1,0,,100,,
0,0,,1,0,,100,,
0,0,,0.666667,0.333333,,200,,
0,0,,1,0,,100,,
0,0,,1,0,,100,,
0,0,,1,0,,0,,
0,0,,1,0,,0,,
0,1,,0,1,,0,,
0,1,,0,1,,100,,
0,0,,0.5,0.5,,100,,
0,1,,0,1,,100,,
0,0,,0.5,0.5,,0,,
0,0,,1,0,,0,,
0,0,,1,0,,0,,
0,0,,1,0,,0,,
0,0,,1,0,,0,,
0,0,,1,0,,200,,
0,0,,0.666667,0.333333,,0,,
0,0,,1,0,,0,,
0,0,,1,0,,100,,
0,1,,0,1,,100,,
0,0,,1,0,,300,,
0,0,,0.666667,0.333333,,100,,
0,0,,1,0,,100,,
0,0,,1,0,,0,,
0,0,,1,0,,100,,
0,1,,0,1,,100,,
1,1,,0,1,,100,,
1,0,,1,0,,0,,
1,0,,0.5,0.5,,100,,
1,1,,0.25,0.75,,100,,
1,1,,0,1,,100,,
1,1,,0.333333,0.666667,,100,,
1,0,,1,0,,100,,
1,0,,0.5,0.5,,100,,
1,0,,0.5,0.5,,0,,
1,0,,1,0,,0,,
1,1,,0,1,,0,,
1,0,,1,0,,100,,
1,1,,0,1,,100,,
1,1,,0,1,,300,,
1,0,,1,0,,0,,
1,0,,1,0,,100,,
1,1,,0,1,,300,,
1,1,,0.333333,0.666667,,100,,
1,0,,0.5,0.5,,100,,
1,1,,0,1,,100,,
1,1,,0,1,,100,,
1,0,,1,0,,100,,
1,1,,0,1,,100,,
1,1,,0,1,,0,,
1,0,,1,0,,100,,
1,1,,0,1,,100,,
1,1,,0.333333,0.666667,,100,,
1,0,,1,0,,0,,
1,1,,0,1,,100,,
1,0,,1,0,,0,,
1,1,,0,1,,200,,
1,1,,0,1,,100,,
1,0,,1,0,,0,,
1,1,,0,1,,100,,
1,1,,0,1,,100,,
1,1,,0,1,,0,,
1,1,,0,1,,100,,
1,0,,1,0,,100,,
1,0,,1,0,,100,,
1,0,,0.666667,0.333333,,100,,
1,1,,0.25,0.75,,0,,
1,1,,0,1,,0,,