monks-2,CWT_ratio,test,0,NANOSECONDS,PREDICTIONS, Generated by ClassifierExperiments.java on 2022-05-15 19:28:49.    SYSTEMPROPERTIES:{user.name:matth,os.arch:amd64,os.name:Windows 10},ENDSYSTEMPROPERTIES
No parameter info
0.7107438016528925,1905900,10400,-1,17680608,2,,-1,-1
0,0,,1,0,,1000,,
0,0,,1,0,,100,,
0,1,,0,1,,300,,
0,0,,1,0,,100,,
0,0,,1,0,,100,,
0,0,,1,0,,300,,
0,0,,0.5,0.5,,200,,
0,0,,1,0,,100,,
0,1,,0.333333,0.666667,,100,,
0,1,,0,1,,0,,
0,0,,1,0,,100,,
0,1,,0,1,,100,,
0,0,,1,0,,100,,
0,0,,1,0,,100,,
0,0,,1,0,,100,,
0,1,,0,1,,100,,
0,1,,0,1,,100,,
0,1,,0,1,,100,,
0,0,,1,0,,0,,
0,0,,1,0,,100,,
0,0,,1,0,,100,,
0,0,,1,0,,200,,
0,0,,1,0,,0,,
0,0,,1,0,,100,,
0,1,,0,1,,100,,
0,1,,0,1,,100,,
0,1,,0,1,,0,,
0,1,,0,1,,0,,
0,0,,1,0,,100,,
0,1,,0,1,,100,,
0,0,,1,0,,300,,
0,1,,0,1,,100,,
0,0,,1,0,,100,,
0,0,,1,0,,100,,
0,1,,0,1,,100,,
0,0,,1,0,,0,,
0,1,,0,1,,0,,
0,0,,1,0,,0,,
0,0,,1,0,,100,,
0,1,,0,1,,100,,
0,0,,1,0,,100,,
0,0,,1,0,,0,,
0,0,,1,0,,0,,
0,0,,1,0,,0,,
0,0,,1,0,,0,,
0,0,,1,0,,100,,
0,0,,1,0,,300,,
0,1,,0,1,,100,,
0,0,,1,0,,100,,
0,0,,1,0,,0,,
0,1,,0,1,,0,,
0,0,,0.5,0.5,,100,,
0,1,,0,1,,100,,
0,0,,1,0,,100,,
0,0,,1,0,,0,,
0,0,,1,0,,100,,
0,0,,1,0,,0,,
0,1,,0.333333,0.666667,,100,,
0,0,,1,0,,100,,
0,1,,0,1,,100,,
0,0,,1,0,,0,,
0,0,,0.5,0.5,,0,,
0,0,,1,0,,0,,
0,1,,0,1,,100,,
0,0,,1,0,,100,,
0,1,,0,1,,100,,
0,0,,1,0,,100,,
0,1,,0,1,,100,,
0,0,,1,0,,0,,
0,0,,1,0,,0,,
0,0,,1,0,,0,,
0,1,,0,1,,200,,
0,0,,1,0,,100,,
0,0,,1,0,,100,,
0,0,,1,0,,0,,
0,1,,0,1,,0,,
0,0,,1,0,,0,,
0,0,,1,0,,100,,
0,1,,0,1,,100,,
1,1,,0,1,,100,,
1,1,,0,1,,200,,
1,1,,0,1,,100,,
1,0,,1,0,,100,,
1,1,,0.333333,0.666667,,0,,
1,0,,1,0,,0,,
1,1,,0.333333,0.666667,,100,,
1,1,,0,1,,100,,
1,0,,1,0,,0,,
1,0,,1,0,,0,,
1,0,,0.666667,0.333333,,0,,
1,1,,0,1,,100,,
1,1,,0,1,,100,,
1,1,,0,1,,100,,
1,1,,0,1,,0,,
1,1,,0.333333,0.666667,,0,,
1,1,,0.333333,0.666667,,0,,
1,1,,0,1,,100,,
1,1,,0,1,,100,,
1,1,,0,1,,0,,
1,1,,0,1,,0,,
1,1,,0,1,,100,,
1,0,,1,0,,100,,
1,1,,0,1,,0,,
1,1,,0,1,,100,,
1,1,,0.333333,0.666667,,100,,
1,1,,0,1,,200,,
1,1,,0,1,,0,,
1,0,,0.5,0.5,,100,,
1,1,,0.333333,0.666667,,100,,
1,1,,0,1,,100,,
1,1,,0,1,,100,,
1,1,,0,1,,100,,
1,1,,0,1,,100,,
1,1,,0,1,,100,,
1,1,,0,1,,100,,
1,0,,0.5,0.5,,100,,
1,1,,0,1,,100,,
1,1,,0,1,,0,,
1,1,,0,1,,0,,
1,1,,0,1,,100,,
1,1,,0,1,,100,,