habermans-survival,Tuned_CWT,test,1,NANOSECONDS,PREDICTIONS, Generated by ClassifierExperiments.java on 2022-05-15 23:47:18.    SYSTEMPROPERTIES:{user.name:matth,os.arch:amd64,os.name:Windows 10},ENDSYSTEMPROPERTIES
No parameter info
0.7258064516129032,17467000,18732900,-1,18620192,2,,-1,-1
0,0,,0.727273,0.272727,,374100,,
0,0,,0.833333,0.166667,,283000,,
0,0,,0.727273,0.272727,,279600,,
0,0,,0.727273,0.272727,,297700,,
0,0,,0.727273,0.272727,,282900,,
0,0,,0.727273,0.272727,,273300,,
0,0,,0.727273,0.272727,,277300,,
0,0,,0.75,0.25,,277100,,
0,0,,0.736842,0.263158,,286600,,
0,0,,0.736842,0.263158,,403600,,
0,0,,0.818182,0.181818,,274900,,
0,0,,0.909091,0.090909,,276000,,
0,0,,0.727273,0.272727,,277900,,
0,0,,0.833333,0.166667,,277900,,
0,0,,0.555556,0.444444,,345600,,
0,0,,0.571429,0.428571,,461600,,
0,0,,0.727273,0.272727,,300600,,
0,0,,0.833333,0.166667,,379300,,
0,0,,0.736842,0.263158,,281100,,
0,0,,0.703704,0.296296,,286500,,
0,0,,0.736842,0.263158,,275500,,
0,0,,0.727273,0.272727,,274900,,
0,0,,0.571429,0.428571,,280300,,
0,0,,0.818182,0.181818,,275500,,
0,0,,0.703704,0.296296,,275300,,
0,0,,0.555556,0.444444,,271700,,
0,0,,0.727273,0.272727,,276500,,
0,0,,0.833333,0.166667,,274600,,
0,0,,0.714286,0.285714,,296200,,
0,0,,0.727273,0.272727,,280800,,
0,0,,0.714286,0.285714,,280500,,
0,0,,0.818182,0.181818,,274700,,
0,0,,0.909091,0.090909,,275600,,
0,0,,0.703704,0.296296,,298500,,
0,0,,0.833333,0.166667,,273000,,
0,0,,0.833333,0.166667,,272800,,
0,0,,0.727273,0.272727,,280000,,
0,0,,0.571429,0.428571,,276400,,
0,0,,0.714286,0.285714,,283400,,
0,0,,0.818182,0.181818,,504600,,
0,0,,0.818182,0.181818,,276900,,
0,0,,0.818182,0.181818,,292000,,
0,0,,0.714286,0.285714,,274100,,
0,0,,0.727273,0.272727,,292700,,
0,0,,0.909091,0.090909,,277500,,
1,0,,0.714286,0.285714,,311600,,
1,0,,0.727273,0.272727,,470600,,
1,0,,0.736842,0.263158,,295500,,
1,0,,0.736842,0.263158,,398600,,
1,0,,0.714286,0.285714,,296700,,
1,0,,0.714286,0.285714,,275600,,
1,0,,0.736842,0.263158,,273300,,
1,0,,0.727273,0.272727,,278100,,
1,0,,0.714286,0.285714,,277700,,
1,0,,0.909091,0.090909,,271600,,
1,0,,0.571429,0.428571,,274500,,
1,0,,0.727273,0.272727,,273900,,
1,0,,0.833333,0.166667,,499700,,
1,0,,0.571429,0.428571,,279300,,
1,0,,0.736842,0.263158,,289000,,
1,0,,0.571429,0.428571,,279800,,
1,0,,0.571429,0.428571,,276800,,