habermans-survival,J48,test,2,NANOSECONDS,PREDICTIONS, Generated by ClassifierExperiments.java on 2022-05-16 03:40:36.    SYSTEMPROPERTIES:{user.name:matth,os.arch:amd64,os.name:Windows 10},ENDSYSTEMPROPERTIES
No parameter info
0.7096774193548387,43054100,20200,-1,0,2,,-1,-1
0,0,,0.875076,0.124924,,2100,,
0,0,,0.652094,0.347906,,700,,
0,0,,0.875076,0.124924,,500,,
0,0,,0.875076,0.124924,,400,,
0,0,,0.875076,0.124924,,400,,
0,0,,0.875076,0.124924,,300,,
0,0,,0.953475,0.046525,,400,,
0,0,,0.652094,0.347906,,400,,
0,0,,0.652094,0.347906,,300,,
0,0,,0.652094,0.347906,,400,,
0,0,,0.652094,0.347906,,300,,
0,0,,0.995478,0.004522,,300,,
0,0,,0.652094,0.347906,,300,,
0,0,,0.875076,0.124924,,200,,
0,0,,0.875076,0.124924,,300,,
0,0,,0.652094,0.347906,,400,,
0,0,,0.875076,0.124924,,300,,
0,0,,0.875076,0.124924,,200,,
0,0,,0.652094,0.347906,,300,,
0,0,,0.652094,0.347906,,300,,
0,0,,0.875076,0.124924,,200,,
0,0,,0.652094,0.347906,,300,,
0,1,,0.105486,0.894514,,300,,
0,0,,0.875076,0.124924,,300,,
0,0,,0.875076,0.124924,,200,,
0,0,,0.875076,0.124924,,300,,
0,0,,0.875076,0.124924,,200,,
0,0,,0.652094,0.347906,,300,,
0,0,,0.875076,0.124924,,200,,
0,0,,0.652094,0.347906,,300,,
0,0,,0.875076,0.124924,,300,,
0,0,,0.875076,0.124924,,300,,
0,0,,0.652094,0.347906,,300,,
0,0,,0.652094,0.347906,,300,,
0,0,,0.652094,0.347906,,300,,
0,0,,0.677479,0.322521,,200,,
0,0,,0.652094,0.347906,,300,,
0,0,,0.875076,0.124924,,200,,
0,0,,0.652094,0.347906,,200,,
0,0,,0.652094,0.347906,,300,,
0,1,,0.359821,0.640179,,200,,
0,0,,0.652094,0.347906,,300,,
0,0,,0.652094,0.347906,,200,,
0,0,,0.652094,0.347906,,300,,
0,1,,0.081005,0.918995,,300,,
1,0,,0.652094,0.347906,,300,,
1,1,,0.359821,0.640179,,300,,
1,0,,0.875076,0.124924,,300,,
1,0,,0.953475,0.046525,,300,,
1,1,,0.359821,0.640179,,300,,
1,0,,0.652094,0.347906,,300,,
1,0,,0.652094,0.347906,,300,,
1,0,,0.652094,0.347906,,200,,
1,0,,0.953475,0.046525,,300,,
1,0,,0.875076,0.124924,,300,,
1,0,,0.995478,0.004522,,400,,
1,0,,0.953475,0.046525,,300,,
1,0,,0.875076,0.124924,,300,,
1,0,,0.652094,0.347906,,200,,
1,0,,0.875076,0.124924,,200,,
1,0,,0.652094,0.347906,,300,,
1,0,,0.652094,0.347906,,200,,