molecular-promoters,J48,test,3,NANOSECONDS,PREDICTIONS, Generated by ClassifierExperiments.java on 2022-05-16 03:44:49.    SYSTEMPROPERTIES:{user.name:matth,os.arch:amd64,os.name:Windows 10},ENDSYSTEMPROPERTIES
No parameter info
0.7727272727272727,45327700,7500,-1,0,2,,-1,-1
0,1,,0.427586,0.572414,,1900,,
0,1,,0.271824,0.728176,,300,,
0,0,,0.961969,0.038031,,400,,
0,0,,0.998811,0.001189,,300,,
0,1,,0.143973,0.856027,,400,,
0,0,,0.985226,0.014774,,300,,
0,0,,0.819674,0.180326,,300,,
0,0,,0.940125,0.059875,,200,,
0,1,,0.371055,0.628945,,300,,
0,0,,0.988352,0.011648,,300,,
0,0,,0.998811,0.001189,,300,,
1,1,,0.063672,0.936328,,200,,
1,1,,0.00078,0.99922,,200,,
1,1,,0.013766,0.986234,,200,,
1,1,,0.049651,0.950349,,300,,
1,1,,0.320952,0.679048,,200,,
1,1,,0.14957,0.85043,,200,,
1,0,,0.847011,0.152989,,300,,
1,1,,0.013766,0.986234,,200,,
1,1,,0.049651,0.950349,,200,,
1,1,,0.008504,0.991496,,300,,
1,1,,0.003276,0.996724,,200,,