molecular-promoters,J48,test,1,NANOSECONDS,PREDICTIONS, Generated by ClassifierExperiments.java on 2022-05-16 03:36:22.    SYSTEMPROPERTIES:{user.name:matth,os.arch:amd64,os.name:Windows 10},ENDSYSTEMPROPERTIES
No parameter info
0.6818181818181818,46827600,7300,-1,0,2,,-1,-1
0,0,,0.970599,0.029401,,1700,,
0,0,,0.997934,0.002066,,500,,
0,1,,0.488548,0.511452,,400,,
0,0,,0.997934,0.002066,,200,,
0,0,,0.943772,0.056228,,200,,
0,1,,0.099137,0.900863,,300,,
0,1,,0.082927,0.917073,,300,,
0,0,,0.997934,0.002066,,300,,
0,0,,0.997934,0.002066,,200,,
0,0,,0.957589,0.042411,,300,,
0,1,,0.439603,0.560397,,200,,
1,1,,0.492859,0.507141,,300,,
1,0,,0.928646,0.071354,,300,,
1,1,,0.078888,0.921112,,200,,
1,0,,0.534216,0.465784,,300,,
1,1,,0.002815,0.997185,,300,,
1,1,,0.099137,0.900863,,200,,
1,1,,0.003809,0.996191,,300,,
1,1,,0.084695,0.915305,,200,,
1,1,,0.000362,0.999638,,200,,
1,0,,0.995825,0.004175,,200,,
1,1,,0.002815,0.997185,,200,,