molecular-promoters,J48,test,2,NANOSECONDS,PREDICTIONS, Generated by ClassifierExperiments.java on 2022-05-16 03:40:36.    SYSTEMPROPERTIES:{user.name:matth,os.arch:amd64,os.name:Windows 10},ENDSYSTEMPROPERTIES
No parameter info
0.7727272727272727,47393900,11800,-1,0,2,,-1,-1
0,0,,0.997893,0.002107,,1800,,
0,0,,0.997893,0.002107,,600,,
0,0,,0.99969,0.00031,,600,,
0,0,,0.913424,0.086576,,600,,
0,0,,0.986269,0.013731,,500,,
0,0,,0.667327,0.332673,,500,,
0,0,,0.992494,0.007506,,500,,
0,0,,0.601476,0.398524,,600,,
0,0,,0.99969,0.00031,,400,,
0,0,,0.913424,0.086576,,400,,
0,0,,0.995275,0.004725,,500,,
1,0,,0.910349,0.089651,,500,,
1,1,,0.040801,0.959199,,400,,
1,0,,0.731881,0.268119,,400,,
1,1,,0.003294,0.996706,,400,,
1,1,,0.003294,0.996706,,400,,
1,0,,0.761637,0.238363,,500,,
1,0,,0.658775,0.341225,,600,,
1,1,,0.040801,0.959199,,400,,
1,1,,0.039329,0.960671,,400,,
1,1,,0.450493,0.549507,,400,,
1,0,,0.910349,0.089651,,400,,