planning,Tuned_CWT,test,1,NANOSECONDS,PREDICTIONS, Generated by ClassifierExperiments.java on 2022-05-16 02:10:03.    SYSTEMPROPERTIES:{user.name:matth,os.arch:amd64,os.name:Windows 10},ENDSYSTEMPROPERTIES
No parameter info
0.7027027027027027,14072100,12714900,-1,23623568,2,,-1,-1
0,0,,0.791532,0.208468,,393100,,
0,0,,0.791548,0.208452,,340700,,
0,0,,0.761934,0.238066,,335600,,
0,0,,0.767718,0.232282,,338200,,
0,0,,0.772643,0.227357,,336000,,
0,0,,0.839068,0.160932,,333300,,
0,0,,0.781629,0.218371,,335500,,
0,0,,0.733251,0.266749,,334200,,
0,0,,0.75298,0.24702,,333000,,
0,0,,0.744727,0.255273,,340000,,
0,0,,0.683577,0.316423,,333800,,
0,0,,0.790421,0.209579,,333700,,
0,0,,0.776074,0.223926,,348600,,
0,0,,0.747185,0.252815,,345500,,
0,0,,0.684009,0.315991,,346500,,
0,0,,0.758949,0.241051,,348100,,
0,0,,0.770701,0.229299,,347700,,
0,0,,0.743941,0.256059,,347500,,
0,0,,0.747872,0.252128,,350000,,
0,0,,0.708564,0.291436,,342600,,
0,0,,0.803391,0.196609,,342400,,
0,0,,0.758626,0.241374,,346000,,
0,0,,0.795274,0.204726,,340100,,
0,0,,0.739836,0.260164,,341700,,
0,0,,0.774283,0.225717,,344100,,
0,0,,0.759941,0.240059,,337300,,
1,0,,0.797088,0.202912,,344400,,
1,0,,0.821185,0.178815,,342400,,
1,0,,0.756914,0.243086,,341400,,
1,0,,0.755368,0.244632,,349100,,
1,0,,0.674342,0.325658,,346600,,
1,0,,0.740901,0.259099,,345600,,
1,0,,0.776924,0.223076,,347300,,
1,0,,0.779934,0.220066,,345400,,
1,0,,0.797016,0.202984,,349400,,
1,0,,0.76931,0.23069,,350000,,
1,0,,0.677718,0.322282,,338100,,