fertility,CWE,test,0,NANOSECONDS,PREDICTIONS, Generated by ClassifierExperiments.java on 2022-05-15 21:41:18.    SYSTEMPROPERTIES:{user.name:matth,os.arch:amd64,os.name:Windows 10},ENDSYSTEMPROPERTIES
No parameter info
0.8571428571428571,6817600,7023300,-1,21927760,2,,-1,-1
0,0,,0.858621,0.141379,,379800,,
0,0,,0.912485,0.087515,,336300,,
0,0,,0.96519,0.03481,,333600,,
0,0,,0.887353,0.112647,,328700,,
0,0,,0.986003,0.013997,,329600,,
0,0,,0.918931,0.081069,,331600,,
0,0,,0.945727,0.054273,,330300,,
0,0,,0.900806,0.099194,,331400,,
0,0,,0.968992,0.031008,,331700,,
0,0,,0.960476,0.039524,,335900,,
0,0,,0.887353,0.112647,,329700,,
0,0,,0.975706,0.024294,,328400,,
0,0,,0.738777,0.261223,,335700,,
0,0,,0.871313,0.128687,,334500,,
0,0,,0.983597,0.016403,,330900,,
0,0,,0.937002,0.062998,,335500,,
0,0,,0.899524,0.100476,,329300,,
0,0,,0.966669,0.033331,,331300,,
1,0,,0.962308,0.037692,,334700,,
1,0,,0.908564,0.091436,,332600,,
1,0,,0.775129,0.224871,,331800,,