fertility,CWE,test,3,NANOSECONDS,PREDICTIONS, Generated by ClassifierExperiments.java on 2022-05-15 22:14:17.    SYSTEMPROPERTIES:{user.name:matth,os.arch:amd64,os.name:Windows 10},ENDSYSTEMPROPERTIES
No parameter info
0.8571428571428571,8517800,7479600,-1,20883448,2,,-1,-1
0,0,,0.97181,0.02819,,423800,,
0,0,,0.960383,0.039617,,359100,,
0,0,,0.945691,0.054309,,351700,,
0,0,,0.97181,0.02819,,352600,,
0,0,,0.992345,0.007655,,351600,,
0,0,,0.718083,0.281917,,361900,,
0,0,,0.970143,0.029857,,357700,,
0,0,,0.983797,0.016203,,350700,,
0,0,,0.990593,0.009407,,350000,,
0,0,,0.911198,0.088802,,347900,,
0,0,,0.949878,0.050122,,348000,,
0,0,,0.994723,0.005277,,352700,,
0,0,,0.972347,0.027653,,349400,,
0,0,,0.912079,0.087921,,356600,,
0,0,,0.971575,0.028425,,353000,,
0,0,,0.984749,0.015251,,350100,,
0,0,,0.590747,0.409253,,354000,,
0,0,,0.923777,0.076223,,351500,,
1,0,,0.931402,0.068598,,350600,,
1,0,,0.982829,0.017171,,350900,,
1,0,,0.586531,0.413469,,355800,,