fertility,CWE,test,4,NANOSECONDS,PREDICTIONS, Generated by ClassifierExperiments.java on 2022-05-15 22:25:46.    SYSTEMPROPERTIES:{user.name:matth,os.arch:amd64,os.name:Windows 10},ENDSYSTEMPROPERTIES
No parameter info
0.9047619047619048,8703200,7165400,-1,0,2,,-1,-1
0,0,,0.946962,0.053038,,405700,,
0,0,,0.975417,0.024583,,333900,,
0,0,,0.720764,0.279236,,342600,,
0,0,,0.929939,0.070061,,331700,,
0,0,,0.982917,0.017083,,332000,,
0,0,,0.982824,0.017176,,337200,,
0,0,,0.840891,0.159109,,329500,,
0,0,,0.984351,0.015649,,328500,,
0,0,,0.61581,0.38419,,332800,,
0,0,,0.766889,0.233111,,331800,,
0,0,,0.975324,0.024676,,329100,,
0,0,,0.812423,0.187577,,351100,,
0,0,,0.936806,0.063194,,425000,,
0,0,,0.906962,0.093038,,329800,,
0,0,,0.859351,0.140649,,331300,,
0,0,,0.987319,0.012681,,327600,,
0,0,,0.896423,0.103577,,328200,,
0,0,,0.927387,0.072613,,346300,,
1,1,,0.488022,0.511978,,331200,,
1,0,,0.927171,0.072829,,328700,,
1,0,,0.52924,0.47076,,331400,,