fertility,LADTree,test,1,NANOSECONDS,PREDICTIONS, Generated by ClassifierExperiments.java on 2022-05-16 13:24:15.    SYSTEMPROPERTIES:{user.name:matth,os.arch:amd64,os.name:Windows 10},ENDSYSTEMPROPERTIES
No parameter info
0.8571428571428571,6578000,6219500,-1,0,2,,-1,-1
0,0,,0.834035,0.165965,,349400,,
0,0,,0.963011,0.036989,,296200,,
0,0,,0.93022,0.06978,,292000,,
0,0,,0.973678,0.026322,,294500,,
0,0,,0.928483,0.071517,,301900,,
0,0,,0.937068,0.062932,,293600,,
0,0,,0.980205,0.019795,,294300,,
0,0,,0.935647,0.064353,,292600,,
0,0,,0.947146,0.052854,,291200,,
0,0,,0.881541,0.118459,,295400,,
0,0,,0.95358,0.04642,,293000,,
0,0,,0.901662,0.098338,,290700,,
0,0,,0.613816,0.386184,,292300,,
0,0,,0.93203,0.06797,,290000,,
0,0,,0.98358,0.01642,,293000,,
0,0,,0.755386,0.244614,,292000,,
0,0,,0.980483,0.019517,,291700,,
0,0,,0.973285,0.026715,,293900,,
1,0,,0.977693,0.022307,,299500,,
1,0,,0.537439,0.462561,,292400,,
1,0,,0.979895,0.020105,,289900,,