fertility,LADTree,test,3,NANOSECONDS,PREDICTIONS, Generated by ClassifierExperiments.java on 2022-05-17 02:53:01.    SYSTEMPROPERTIES:{user.name:matth,os.arch:amd64,os.name:Windows 10},ENDSYSTEMPROPERTIES
No parameter info
0.8095238095238095,7805300,5800,-1,26819224,2,,-1,-1
0,0,,0.996326,0.003674,,1500,,
0,0,,0.978388,0.021612,,300,,
0,0,,0.996326,0.003674,,200,,
0,0,,0.996326,0.003674,,300,,
0,0,,0.978388,0.021612,,300,,
0,0,,0.945256,0.054744,,300,,
0,0,,0.978388,0.021612,,200,,
0,0,,0.996326,0.003674,,200,,
0,0,,0.996326,0.003674,,200,,
0,0,,0.996326,0.003674,,200,,
0,0,,0.978388,0.021612,,200,,
0,0,,0.996326,0.003674,,100,,
0,0,,0.978388,0.021612,,200,,
0,0,,0.996326,0.003674,,200,,
0,0,,0.996326,0.003674,,200,,
0,0,,0.978388,0.021612,,200,,
0,1,,0.119203,0.880797,,300,,
0,0,,0.996326,0.003674,,200,,
1,0,,0.945256,0.054744,,200,,
1,0,,0.996326,0.003674,,100,,
1,0,,0.996326,0.003674,,200,,