fertility,LADTree,test,4,NANOSECONDS,PREDICTIONS, Generated by ClassifierExperiments.java on 2022-05-16 13:47:30.    SYSTEMPROPERTIES:{user.name:matth,os.arch:amd64,os.name:Windows 10},ENDSYSTEMPROPERTIES
No parameter info
0.8571428571428571,6176400,12288400,-1,0,2,,-1,-1
0,0,,0.960477,0.039523,,654000,,
0,0,,0.899418,0.100582,,580400,,
0,0,,0.811733,0.188267,,584600,,
0,0,,0.914272,0.085728,,578400,,
0,0,,0.982556,0.017444,,572700,,
0,0,,0.975712,0.024288,,579100,,
0,0,,0.687192,0.312808,,576300,,
0,0,,0.976056,0.023944,,584100,,
0,0,,0.710643,0.289357,,580300,,
0,0,,0.721722,0.278278,,579600,,
0,0,,0.899336,0.100664,,579000,,
0,0,,0.914767,0.085233,,577700,,
0,0,,0.93844,0.06156,,580500,,
0,0,,0.741326,0.258674,,580800,,
0,0,,0.884331,0.115669,,579600,,
0,0,,0.970407,0.029593,,580500,,
0,0,,0.904711,0.095289,,578900,,
0,0,,0.775133,0.224867,,580100,,
1,0,,0.596744,0.403256,,576800,,
1,0,,0.909588,0.090412,,622200,,
1,0,,0.662331,0.337669,,582800,,