ionosphere,CWE,test,2,NANOSECONDS,PREDICTIONS, Generated by ClassifierExperiments.java on 2022-05-16 01:42:26.    SYSTEMPROPERTIES:{user.name:matth,os.arch:amd64,os.name:Windows 10},ENDSYSTEMPROPERTIES
CourseworkTree,BESTPARAS:{S: gini, D: 4, },SPACE:{,	S: [ gain, ratio, gini, chi, ],	D: [ 1, 2, 4, 8, 16, 32, 64, unlimited, ],}
0.7605633802816901,18186100,9200,-1,23376936,2,,-1,-1
0,0,,1,0,,1500,,
0,1,,0.096774,0.903226,,800,,
0,0,,1,0,,200,,
0,0,,1,0,,100,,
0,1,,0,1,,100,,
0,0,,1,0,,100,,
0,1,,0.096774,0.903226,,100,,
0,0,,1,0,,200,,
0,0,,1,0,,100,,
0,1,,0.322581,0.677419,,300,,
0,1,,0,1,,100,,
0,0,,1,0,,100,,
0,0,,1,0,,0,,
0,1,,0.322581,0.677419,,100,,
0,1,,0.064516,0.935484,,100,,
0,1,,0,1,,100,,
0,0,,1,0,,100,,
0,1,,0,1,,100,,
0,0,,1,0,,100,,
0,1,,0.322581,0.677419,,100,,
0,0,,1,0,,100,,
0,0,,1,0,,100,,
0,1,,0.037037,0.962963,,100,,
0,0,,1,0,,100,,
0,0,,1,0,,100,,
0,0,,1,0,,100,,
1,1,,0.037037,0.962963,,100,,
1,1,,0,1,,100,,
1,1,,0.037037,0.962963,,100,,
1,1,,0,1,,100,,
1,1,,0.064516,0.935484,,100,,
1,0,,1,0,,200,,
1,1,,0,1,,100,,
1,1,,0,1,,100,,
1,1,,0,1,,100,,
1,1,,0.064516,0.935484,,100,,
1,1,,0.285714,0.714286,,100,,
1,0,,1,0,,100,,
1,0,,1,0,,0,,
1,1,,0,1,,100,,
1,1,,0,1,,100,,
1,0,,1,0,,100,,
1,1,,0.037037,0.962963,,0,,
1,1,,0.285714,0.714286,,100,,
1,1,,0.285714,0.714286,,100,,
1,1,,0.037037,0.962963,,100,,
1,1,,0,1,,100,,
1,1,,0.322581,0.677419,,100,,
1,1,,0.096774,0.903226,,100,,
1,1,,0,1,,100,,
1,1,,0,1,,100,,
1,1,,0.037037,0.962963,,100,,
1,1,,0,1,,0,,
1,1,,0.322581,0.677419,,100,,
1,1,,0.285714,0.714286,,200,,
1,1,,0.064516,0.935484,,100,,
1,0,,1,0,,100,,
1,1,,0.285714,0.714286,,100,,
1,1,,0,1,,200,,
1,1,,0,1,,100,,
1,1,,0.064516,0.935484,,100,,
1,1,,0,1,,0,,
1,1,,0,1,,0,,
1,1,,0.322581,0.677419,,100,,
1,0,,1,0,,100,,
1,1,,0.037037,0.962963,,100,,
1,1,,0,1,,0,,
1,1,,0.037037,0.962963,,100,,
1,1,,0,1,,100,,
1,1,,0,1,,100,,
1,1,,0.322581,0.677419,,100,,