molecular-promoters,CWE,test,1,NANOSECONDS,PREDICTIONS, Generated by ClassifierExperiments.java on 2022-05-16 23:13:24.    SYSTEMPROPERTIES:{user.name:matth,os.arch:amd64,os.name:Windows 10},ENDSYSTEMPROPERTIES
No parameter info
0.8181818181818182,40254300,25205500,-1,0,2,,-1,-1
0,0,,0.84612,0.15388,,1285500,,
0,1,,0.483025,0.516975,,1141000,,
0,0,,0.581691,0.418309,,1128000,,
0,0,,0.859131,0.140869,,1199700,,
0,1,,0.411321,0.588679,,1126100,,
0,1,,0.339647,0.660353,,1129300,,
0,0,,0.53441,0.46559,,1122400,,
0,0,,0.878051,0.121949,,1170300,,
0,0,,0.961429,0.038571,,1115900,,
0,0,,0.694954,0.305046,,1115200,,
0,1,,0.468335,0.531665,,1157000,,
1,1,,0.368159,0.631841,,1131000,,
1,1,,0.365041,0.634959,,1133900,,
1,1,,0.157079,0.842921,,1122600,,
1,1,,0.373861,0.626139,,1155600,,
1,1,,0.176493,0.823507,,1110900,,
1,1,,0.205438,0.794562,,1145200,,
1,1,,0.12578,0.87422,,1154300,,
1,1,,0.364607,0.635393,,1139500,,
1,1,,0.125768,0.874232,,1117300,,
1,1,,0.411512,0.588488,,1115500,,
1,1,,0.146737,0.853263,,1189300,,