molecular-promoters,CWE,test,4,NANOSECONDS,PREDICTIONS, Generated by ClassifierExperiments.java on 2022-05-16 12:45:44.    SYSTEMPROPERTIES:{user.name:matth,os.arch:amd64,os.name:Windows 10},ENDSYSTEMPROPERTIES
No parameter info
0.7272727272727273,180000,800,-1,0,2,,-1,-1
0,1,,0.153846,0.846154,,0,,
0,0,,0.8,0.2,,100,,
0,0,,0.8,0.2,,100,,
0,0,,0.8,0.2,,0,,
0,1,,0.153846,0.846154,,0,,
0,0,,0.8,0.2,,100,,
0,0,,0.8,0.2,,100,,
0,1,,0.153846,0.846154,,100,,
0,0,,0.8,0.2,,0,,
0,1,,0.153846,0.846154,,0,,
0,0,,0.8,0.2,,0,,
1,1,,0.153846,0.846154,,0,,
1,1,,0.153846,0.846154,,100,,
1,0,,0.8,0.2,,0,,
1,1,,0.153846,0.846154,,0,,
1,1,,0.153846,0.846154,,0,,
1,0,,0.8,0.2,,0,,
1,1,,0.153846,0.846154,,100,,
1,1,,0.153846,0.846154,,0,,
1,1,,0.153846,0.846154,,100,,
1,1,,0.153846,0.846154,,0,,
1,1,,0.153846,0.846154,,0,,