monks-3,Rotf,test,4,NANOSECONDS,PREDICTIONS, Generated by ClassifierExperiments.java on 2022-05-16 03:30:01.    SYSTEMPROPERTIES:{user.name:matth,os.arch:amd64,os.name:Windows 10},ENDSYSTEMPROPERTIES
No parameter info
0.9910714285714286,212100,9700,-1,0,2,,-1,-1
0,0,,1,0,,600,,
0,0,,1,0,,100,,
0,0,,1,0,,100,,
0,0,,1,0,,200,,
0,0,,1,0,,100,,
0,0,,1,0,,0,,
0,0,,1,0,,0,,
0,0,,1,0,,100,,
0,0,,1,0,,100,,
0,0,,1,0,,0,,
0,0,,1,0,,100,,
0,0,,1,0,,100,,
0,0,,1,0,,0,,
0,0,,1,0,,100,,
0,0,,1,0,,100,,
0,0,,0.923077,0.076923,,100,,
0,0,,1,0,,0,,
0,0,,1,0,,100,,
0,0,,1,0,,100,,
0,0,,1,0,,100,,
0,0,,1,0,,100,,
0,0,,1,0,,100,,
0,0,,1,0,,100,,
0,0,,0.923077,0.076923,,100,,
0,0,,1,0,,100,,
0,0,,1,0,,100,,
0,0,,1,0,,100,,
0,0,,1,0,,0,,
0,0,,1,0,,100,,
0,0,,1,0,,0,,
0,0,,1,0,,0,,
0,0,,1,0,,100,,
0,0,,1,0,,100,,
0,0,,1,0,,0,,
0,0,,1,0,,100,,
0,0,,1,0,,100,,
0,0,,1,0,,100,,
0,0,,1,0,,0,,
0,0,,1,0,,100,,
0,0,,1,0,,100,,
0,0,,1,0,,0,,
0,0,,1,0,,100,,
0,0,,1,0,,100,,
0,1,,0.057143,0.942857,,100,,
0,0,,1,0,,100,,
0,0,,1,0,,100,,
0,0,,0.923077,0.076923,,100,,
0,0,,1,0,,100,,
0,0,,1,0,,100,,
0,0,,1,0,,100,,
0,0,,1,0,,100,,
0,0,,1,0,,100,,
0,0,,1,0,,100,,
0,0,,1,0,,100,,
1,1,,0,1,,0,,
1,1,,0,1,,100,,
1,1,,0.02381,0.97619,,100,,
1,1,,0,1,,0,,
1,1,,0,1,,100,,
1,1,,0,1,,100,,
1,1,,0,1,,0,,
1,1,,0,1,,100,,
1,1,,0,1,,100,,
1,1,,0,1,,0,,
1,1,,0.057143,0.942857,,100,,
1,1,,0.02381,0.97619,,100,,
1,1,,0,1,,100,,
1,1,,0.028571,0.971429,,0,,
1,1,,0,1,,100,,
1,1,,0,1,,100,,
1,1,,0,1,,100,,
1,1,,0.057143,0.942857,,100,,
1,1,,0.028571,0.971429,,0,,
1,1,,0,1,,100,,
1,1,,0,1,,0,,
1,1,,0.02381,0.97619,,100,,
1,1,,0,1,,200,,
1,1,,0,1,,100,,
1,1,,0.057143,0.942857,,100,,
1,1,,0.02381,0.97619,,0,,
1,1,,0,1,,100,,
1,1,,0.057143,0.942857,,100,,
1,1,,0.02381,0.97619,,0,,
1,1,,0.057143,0.942857,,100,,
1,1,,0,1,,100,,
1,1,,0,1,,100,,
1,1,,0,1,,100,,
1,1,,0,1,,100,,
1,1,,0,1,,0,,
1,1,,0,1,,100,,
1,1,,0.028571,0.971429,,100,,
1,1,,0.02381,0.97619,,100,,
1,1,,0.057143,0.942857,,100,,
1,1,,0,1,,100,,
1,1,,0,1,,0,,
1,1,,0.028571,0.971429,,100,,
1,1,,0.057143,0.942857,,200,,
1,1,,0.057143,0.942857,,100,,
1,1,,0.02381,0.97619,,200,,
1,1,,0.057143,0.942857,,100,,
1,1,,0,1,,100,,
1,1,,0.057143,0.942857,,100,,
1,1,,0,1,,100,,
1,1,,0,1,,100,,
1,1,,0.028571,0.971429,,100,,
1,1,,0.028571,0.971429,,100,,
1,1,,0,1,,0,,
1,1,,0.057143,0.942857,,100,,
1,1,,0.028571,0.971429,,100,,
1,1,,0,1,,100,,
1,1,,0,1,,100,,
1,1,,0.057143,0.942857,,0,,