seeds,CWT_chi,test,0,NANOSECONDS,PREDICTIONS, Generated by ClassifierExperiments.java on 2022-05-15 19:49:45.    SYSTEMPROPERTIES:{user.name:matth,os.arch:amd64,os.name:Windows 10},ENDSYSTEMPROPERTIES
No parameter info
0.6428571428571429,149400,1900,-1,0,3,,-1,-1
0,2,,0.333333,0,0.666667,,300,,
0,2,,0.333333,0,0.666667,,100,,
0,1,,0.333333,0.666667,0,,100,,
0,1,,0.333333,0.666667,0,,0,,
0,1,,0.333333,0.666667,0,,0,,
0,1,,0.333333,0.666667,0,,0,,
0,1,,0.333333,0.666667,0,,100,,
0,1,,0.333333,0.666667,0,,100,,
0,1,,0.333333,0.666667,0,,100,,
0,1,,0.333333,0.666667,0,,0,,
0,1,,0.333333,0.666667,0,,0,,
0,1,,0.333333,0.666667,0,,0,,
0,1,,0.333333,0.666667,0,,0,,
0,1,,0.333333,0.666667,0,,0,,
1,1,,0.333333,0.666667,0,,0,,
1,1,,0.333333,0.666667,0,,0,,
1,1,,0.333333,0.666667,0,,100,,
1,1,,0.333333,0.666667,0,,100,,
1,1,,0.333333,0.666667,0,,100,,
1,1,,0.333333,0.666667,0,,100,,
1,1,,0.333333,0.666667,0,,100,,
1,1,,0.333333,0.666667,0,,0,,
1,1,,0.333333,0.666667,0,,100,,
1,1,,0.333333,0.666667,0,,0,,
1,1,,0.333333,0.666667,0,,100,,
1,1,,0.333333,0.666667,0,,100,,
1,1,,0.333333,0.666667,0,,0,,
1,1,,0.333333,0.666667,0,,100,,
2,2,,0.333333,0,0.666667,,0,,
2,1,,0.333333,0.666667,0,,0,,
2,2,,0.333333,0,0.666667,,0,,
2,2,,0.333333,0,0.666667,,100,,
2,2,,0.333333,0,0.666667,,0,,
2,2,,0.333333,0,0.666667,,0,,
2,2,,0.333333,0,0.666667,,0,,
2,2,,0.333333,0,0.666667,,0,,
2,2,,0.333333,0,0.666667,,0,,
2,2,,0.333333,0,0.666667,,0,,
2,2,,0.333333,0,0.666667,,0,,
2,2,,0.333333,0,0.666667,,100,,
2,2,,0.333333,0,0.666667,,0,,
2,2,,0.333333,0,0.666667,,0,,