fertility,DStump,test,2,NANOSECONDS,PREDICTIONS, Generated by ClassifierExperiments.java on 2022-05-16 13:48:01.    SYSTEMPROPERTIES:{user.name:matth,os.arch:amd64,os.name:Windows 10},ENDSYSTEMPROPERTIES
No parameter info
0.8571428571428571,758000,21000,-1,0,2,,-1,-1
0,0,,0.645726,0.354274,,5900,,
0,0,,0.88,0.12,,1400,,
0,0,,0.963291,0.036709,,1300,,
0,0,,0.966667,0.033333,,600,,
0,0,,0.781818,0.218182,,1000,,
0,0,,1,0,,800,,
0,0,,0.9,0.1,,900,,
0,0,,0.981818,0.018182,,1700,,
0,0,,0.822222,0.177778,,800,,
0,0,,1,0,,400,,
0,0,,0.988889,0.011111,,400,,
0,0,,0.966667,0.033333,,600,,
0,0,,1,0,,500,,
0,0,,0.98,0.02,,600,,
0,0,,0.955696,0.044304,,800,,
0,0,,0.933333,0.066667,,500,,
0,0,,0.98,0.02,,400,,
0,0,,0.743365,0.256635,,600,,
1,0,,0.65,0.35,,500,,
1,0,,0.9,0.1,,700,,
1,0,,0.983544,0.016456,,600,,