fertility,DStump,test,1,NANOSECONDS,PREDICTIONS, Generated by ClassifierExperiments.java on 2022-05-17 03:00:00.    SYSTEMPROPERTIES:{user.name:matth,os.arch:amd64,os.name:Windows 10},ENDSYSTEMPROPERTIES
No parameter info
0.8571428571428571,51800,1600,-1,0,2,,-1,-1
0,0,,0.939394,0.060606,,1000,,
0,0,,0.939394,0.060606,,0,,
0,0,,0.939394,0.060606,,0,,
0,0,,0.939394,0.060606,,100,,
0,0,,0.939394,0.060606,,100,,
0,0,,0.939394,0.060606,,100,,
0,0,,0.939394,0.060606,,100,,
0,0,,0.939394,0.060606,,100,,
0,0,,0.939394,0.060606,,100,,
0,0,,0.939394,0.060606,,0,,
0,0,,0.939394,0.060606,,0,,
0,0,,0.939394,0.060606,,0,,
0,0,,0.939394,0.060606,,0,,
0,0,,0.939394,0.060606,,0,,
0,0,,0.939394,0.060606,,0,,
0,0,,0.615385,0.384615,,0,,
0,0,,0.939394,0.060606,,0,,
0,0,,0.939394,0.060606,,0,,
1,0,,0.939394,0.060606,,0,,
1,0,,0.939394,0.060606,,0,,
1,0,,0.939394,0.060606,,0,,