fertility,DStump,test,3,NANOSECONDS,PREDICTIONS, Generated by ClassifierExperiments.java on 2022-05-16 13:48:04.    SYSTEMPROPERTIES:{user.name:matth,os.arch:amd64,os.name:Windows 10},ENDSYSTEMPROPERTIES
No parameter info
0.8095238095238095,692800,18400,-1,0,2,,-1,-1
0,0,,0.9,0.1,,4100,,
0,0,,0.972152,0.027848,,1300,,
0,0,,0.965902,0.034098,,1000,,
0,0,,1,0,,1500,,
0,0,,0.989183,0.010817,,1100,,
0,0,,0.859351,0.140649,,1400,,
0,0,,0.974684,0.025316,,600,,
0,0,,0.933333,0.066667,,500,,
0,0,,0.960056,0.039944,,400,,
0,0,,1,0,,300,,
0,0,,0.899235,0.100765,,500,,
0,0,,0.881111,0.118889,,500,,
0,0,,0.989183,0.010817,,500,,
0,0,,0.674473,0.325527,,800,,
0,0,,0.980398,0.019602,,400,,
0,0,,1,0,,500,,
0,1,,0.230952,0.769048,,1000,,
0,0,,0.972152,0.027848,,500,,
1,0,,0.845714,0.154286,,500,,
1,0,,1,0,,400,,
1,0,,0.783333,0.216667,,600,,