spect-heart,LADTree,test,0,NANOSECONDS,PREDICTIONS, Generated by ClassifierExperiments.java on 2022-05-17 02:41:24.    SYSTEMPROPERTIES:{user.name:matth,os.arch:amd64,os.name:Windows 10},ENDSYSTEMPROPERTIES
No parameter info
0.6851851851851852,12439900,18000,-1,30648168,2,,-1,-1
0,0,,0.892728,0.107272,,2200,,
0,0,,0.890425,0.109575,,300,,
0,0,,0.829453,0.170547,,400,,
0,0,,0.869409,0.130591,,200,,
0,0,,0.633599,0.366401,,800,,
0,0,,0.944346,0.055654,,300,,
0,0,,0.890425,0.109575,,200,,
0,0,,0.679576,0.320424,,200,,
0,1,,0.156414,0.843586,,200,,
0,0,,0.815789,0.184211,,300,,
0,1,,0.41535,0.58465,,100,,
0,0,,0.679576,0.320424,,300,,
0,0,,0.890425,0.109575,,300,,
0,0,,0.559342,0.440658,,200,,
0,0,,0.869409,0.130591,,200,,
0,0,,0.869409,0.130591,,200,,
0,0,,0.679576,0.320424,,200,,
0,0,,0.890425,0.109575,,200,,
0,0,,0.890425,0.109575,,200,,
0,0,,0.869409,0.130591,,200,,
0,1,,0.192535,0.807465,,300,,
0,0,,0.890425,0.109575,,200,,
0,1,,0.41535,0.58465,,200,,
0,0,,0.799377,0.200623,,4000,,
0,0,,0.679576,0.320424,,200,,
0,1,,0.029572,0.970428,,300,,
0,0,,0.679576,0.320424,,200,,
0,0,,0.559342,0.440658,,200,,
0,0,,0.635975,0.364025,,200,,
0,1,,0.367899,0.632101,,200,,
0,0,,0.869409,0.130591,,200,,
0,1,,0.310973,0.689027,,300,,
1,0,,0.869409,0.130591,,200,,
1,1,,0.192535,0.807465,,200,,
1,1,,0.029572,0.970428,,300,,
1,0,,0.890425,0.109575,,200,,
1,1,,0.310973,0.689027,,300,,
1,0,,0.812182,0.187818,,200,,
1,0,,0.559342,0.440658,,300,,
1,1,,0.156414,0.843586,,100,,
1,0,,0.892728,0.107272,,200,,
1,1,,0.156414,0.843586,,200,,
1,0,,0.890425,0.109575,,200,,
1,1,,0.41535,0.58465,,200,,
1,0,,0.559342,0.440658,,100,,
1,1,,0.41535,0.58465,,100,,
1,0,,0.890425,0.109575,,200,,
1,1,,0.156414,0.843586,,100,,
1,1,,0.061849,0.938151,,200,,
1,0,,0.869409,0.130591,,300,,
1,1,,0.156414,0.843586,,100,,
1,1,,0.029572,0.970428,,200,,
1,0,,0.679576,0.320424,,200,,
1,1,,0.313173,0.686827,,200,,