spect-heart,LADTree,test,2,NANOSECONDS,PREDICTIONS, Generated by ClassifierExperiments.java on 2022-05-16 13:32:16.    SYSTEMPROPERTIES:{user.name:matth,os.arch:amd64,os.name:Windows 10},ENDSYSTEMPROPERTIES
No parameter info
0.7222222222222222,32186700,32760600,-1,0,2,,-1,-1
0,0,,0.652012,0.347988,,1137600,,
0,0,,0.702072,0.297928,,1032900,,
0,0,,0.522962,0.477038,,1035600,,
0,0,,0.76504,0.23496,,1021300,,
0,0,,0.76504,0.23496,,1023200,,
0,0,,0.722484,0.277516,,1021000,,
0,1,,0.369804,0.630196,,1017200,,
0,0,,0.74665,0.25335,,1070900,,
0,0,,0.836244,0.163756,,847200,,
0,1,,0.371706,0.628294,,529600,,
0,0,,0.636995,0.363005,,536000,,
0,0,,0.627256,0.372744,,521100,,
0,0,,0.76504,0.23496,,519700,,
0,0,,0.709397,0.290603,,525100,,
0,0,,0.667935,0.332065,,535200,,
0,0,,0.585025,0.414975,,530900,,
0,0,,0.838002,0.161998,,527500,,
0,1,,0.26068,0.73932,,529500,,
0,0,,0.586667,0.413333,,527100,,
0,0,,0.666512,0.333488,,524600,,
0,0,,0.754993,0.245007,,535200,,
0,0,,0.709449,0.290551,,525500,,
0,0,,0.76504,0.23496,,529800,,
0,0,,0.780339,0.219661,,532500,,
0,1,,0.444233,0.555767,,531000,,
0,0,,0.79537,0.20463,,533700,,
0,0,,0.646625,0.353375,,526400,,
0,0,,0.561957,0.438043,,536000,,
0,0,,0.76504,0.23496,,531900,,
0,0,,0.591252,0.408748,,538600,,
0,0,,0.540938,0.459062,,532500,,
0,0,,0.840446,0.159554,,532400,,
1,0,,0.678015,0.321985,,525400,,
1,1,,0.406215,0.593785,,551500,,
1,0,,0.669409,0.330591,,525900,,
1,0,,0.575459,0.424541,,525300,,
1,1,,0.436714,0.563286,,526300,,
1,1,,0.446381,0.553619,,512900,,
1,0,,0.514633,0.485367,,512000,,
1,0,,0.730853,0.269147,,512500,,
1,0,,0.580891,0.419109,,511100,,
1,1,,0.323251,0.676749,,511700,,
1,1,,0.324536,0.675464,,510100,,
1,1,,0.439634,0.560366,,510900,,
1,1,,0.346518,0.653482,,510700,,
1,0,,0.626762,0.373238,,512700,,
1,1,,0.33161,0.66839,,509500,,
1,1,,0.352867,0.647133,,512100,,
1,0,,0.541158,0.458842,,508200,,
1,0,,0.865216,0.134784,,513800,,
1,1,,0.470597,0.529403,,511300,,
1,0,,0.726553,0.273447,,520000,,
1,1,,0.256784,0.743216,,512100,,
1,0,,0.699767,0.300233,,515900,,