spect-heart,LADTree,test,1,NANOSECONDS,PREDICTIONS, Generated by ClassifierExperiments.java on 2022-05-16 13:24:36.    SYSTEMPROPERTIES:{user.name:matth,os.arch:amd64,os.name:Windows 10},ENDSYSTEMPROPERTIES
No parameter info
0.7592592592592593,37233500,28632700,-1,30843808,2,,-1,-1
0,1,,0.426913,0.573087,,656000,,
0,0,,0.834759,0.165241,,547400,,
0,1,,0.369885,0.630115,,544300,,
0,0,,0.524231,0.475769,,542600,,
0,0,,0.533025,0.466975,,543900,,
0,0,,0.542344,0.457656,,529900,,
0,0,,0.69726,0.30274,,543400,,
0,0,,0.564863,0.435137,,540100,,
0,0,,0.799594,0.200406,,535000,,
0,0,,0.699037,0.300963,,532100,,
0,1,,0.265303,0.734697,,531100,,
0,0,,0.664309,0.335691,,533500,,
0,0,,0.798071,0.201929,,527500,,
0,0,,0.586332,0.413668,,557600,,
0,0,,0.799594,0.200406,,537200,,
0,0,,0.840841,0.159159,,540200,,
0,1,,0.368718,0.631282,,527100,,
0,0,,0.621785,0.378215,,541700,,
0,0,,0.575845,0.424155,,530800,,
0,0,,0.788047,0.211953,,538900,,
0,0,,0.507685,0.492315,,531300,,
0,0,,0.894175,0.105825,,530200,,
0,1,,0.434401,0.565599,,537800,,
0,0,,0.563653,0.436347,,527400,,
0,0,,0.854077,0.145923,,529700,,
0,0,,0.792799,0.207201,,526600,,
0,0,,0.54266,0.45734,,531400,,
0,1,,0.265314,0.734686,,526600,,
0,0,,0.732818,0.267182,,567100,,
0,0,,0.598882,0.401118,,538000,,
0,0,,0.828348,0.171652,,530600,,
0,0,,0.723628,0.276372,,513700,,
1,0,,0.665444,0.334556,,518700,,
1,1,,0.214139,0.785861,,510600,,
1,1,,0.460516,0.539484,,514700,,
1,1,,0.38488,0.61512,,514700,,
1,0,,0.573981,0.426019,,515700,,
1,1,,0.310262,0.689738,,511900,,
1,0,,0.639885,0.360115,,518300,,
1,1,,0.392907,0.607093,,515700,,
1,1,,0.443952,0.556048,,510000,,
1,0,,0.501553,0.498447,,522700,,
1,1,,0.403573,0.596427,,513000,,
1,1,,0.32185,0.67815,,526300,,
1,1,,0.207375,0.792625,,513000,,
1,0,,0.900989,0.099011,,520100,,
1,1,,0.427997,0.572003,,523100,,
1,1,,0.382834,0.617166,,518800,,
1,1,,0.190756,0.809244,,514600,,
1,0,,0.862705,0.137295,,517700,,
1,1,,0.294371,0.705629,,515400,,
1,1,,0.215541,0.784459,,514800,,
1,0,,0.650419,0.349581,,513900,,
1,1,,0.224784,0.775216,,518300,,