habermans-survival,Randf,test,3,NANOSECONDS,PREDICTIONS, Generated by ClassifierExperiments.java on 2022-05-16 12:45:49.    SYSTEMPROPERTIES:{user.name:matth,os.arch:amd64,os.name:Windows 10},ENDSYSTEMPROPERTIES
No parameter info
0.6935483870967742,51000,24400,-1,0,2,,-1,-1
0,0,,0.781306,0.218694,,1700,,
0,0,,0.932002,0.067998,,500,,
0,0,,0.886778,0.113222,,400,,
0,0,,0.566358,0.433642,,600,,
0,0,,0.847073,0.152927,,500,,
0,0,,0.886028,0.113972,,400,,
0,0,,0.937326,0.062674,,400,,
0,0,,0.848102,0.151898,,400,,
0,0,,0.954594,0.045406,,400,,
0,0,,0.524258,0.475742,,400,,
0,0,,0.800764,0.199236,,400,,
0,0,,0.970569,0.029431,,300,,
0,0,,0.91261,0.08739,,400,,
0,0,,0.730244,0.269756,,400,,
0,0,,0.768702,0.231298,,400,,
0,0,,0.869228,0.130772,,400,,
0,0,,0.624796,0.375204,,300,,
0,0,,0.517228,0.482772,,300,,
0,0,,0.607987,0.392013,,300,,
0,0,,0.785156,0.214844,,300,,
0,0,,0.539054,0.460946,,300,,
0,0,,0.948243,0.051757,,300,,
0,1,,0.494832,0.505168,,300,,
0,0,,0.662057,0.337943,,400,,
0,0,,0.864492,0.135508,,400,,
0,0,,0.932161,0.067839,,400,,
0,0,,0.815086,0.184914,,400,,
0,0,,0.595028,0.404972,,400,,
0,0,,0.595028,0.404972,,300,,
0,1,,0.485744,0.514256,,400,,
0,0,,0.875122,0.124878,,300,,
0,0,,0.874949,0.125051,,300,,
0,0,,0.769076,0.230924,,300,,
0,0,,0.884428,0.115572,,300,,
0,0,,0.974667,0.025333,,400,,
0,0,,0.924184,0.075816,,400,,
0,0,,0.977763,0.022237,,400,,
0,0,,0.911548,0.088452,,400,,
0,0,,0.965554,0.034446,,400,,
0,0,,0.84274,0.15726,,400,,
0,0,,0.636255,0.363745,,400,,
0,0,,0.765541,0.234459,,400,,
0,0,,0.925187,0.074813,,400,,
0,1,,0.246144,0.753856,,400,,
0,0,,0.787256,0.212744,,400,,
1,0,,0.532047,0.467953,,400,,
1,0,,0.862108,0.137892,,300,,
1,0,,0.919683,0.080317,,300,,
1,0,,0.723153,0.276847,,300,,
1,0,,0.566358,0.433642,,300,,
1,0,,0.933402,0.066598,,400,,
1,0,,0.515181,0.484819,,400,,
1,0,,0.800764,0.199236,,400,,
1,0,,0.976769,0.023231,,400,,
1,0,,0.645282,0.354718,,400,,
1,0,,0.710048,0.289952,,400,,
1,1,,0.459148,0.540852,,400,,
1,0,,0.88019,0.11981,,300,,
1,0,,0.948243,0.051757,,300,,
1,0,,0.935182,0.064818,,300,,
1,0,,0.891827,0.108173,,400,,
1,0,,0.873215,0.126785,,300,,