habermans-survival,Randf,test,1,NANOSECONDS,PREDICTIONS, Generated by ClassifierExperiments.java on 2022-05-16 03:29:44.    SYSTEMPROPERTIES:{user.name:matth,os.arch:amd64,os.name:Windows 10},ENDSYSTEMPROPERTIES
No parameter info
0.7741935483870968,47800,22900,-1,0,2,,-1,-1
0,0,,0.789948,0.210052,,1300,,
0,0,,0.860998,0.139002,,500,,
0,0,,0.857492,0.142508,,500,,
0,1,,0.229204,0.770796,,400,,
0,0,,0.840384,0.159616,,500,,
0,0,,0.87025,0.12975,,400,,
0,0,,0.750535,0.249465,,300,,
0,0,,0.805047,0.194953,,400,,
0,0,,0.699049,0.300951,,400,,
0,0,,0.699049,0.300951,,400,,
0,0,,0.933874,0.066126,,500,,
0,0,,0.971979,0.028021,,300,,
0,0,,0.827994,0.172006,,300,,
0,0,,0.908346,0.091654,,300,,
0,0,,0.722341,0.277659,,300,,
0,0,,0.828516,0.171484,,300,,
0,0,,0.750535,0.249465,,300,,
0,0,,0.642323,0.357677,,300,,
0,0,,0.948934,0.051066,,300,,
0,0,,0.733543,0.266457,,400,,
0,0,,0.699049,0.300951,,400,,
0,0,,0.92328,0.07672,,400,,
0,0,,0.760966,0.239034,,300,,
0,0,,0.650487,0.349513,,300,,
0,0,,0.696429,0.303571,,400,,
0,0,,0.748313,0.251687,,400,,
0,0,,0.92328,0.07672,,300,,
0,0,,0.5783,0.4217,,300,,
0,0,,0.74297,0.25703,,300,,
0,0,,0.91327,0.08673,,400,,
0,0,,0.74297,0.25703,,300,,
0,0,,0.913003,0.086997,,300,,
0,0,,0.97071,0.02929,,300,,
0,0,,0.873135,0.126865,,300,,
0,0,,0.808002,0.191998,,300,,
0,0,,0.832083,0.167917,,300,,
0,0,,0.856057,0.143943,,400,,
0,1,,0.368544,0.631456,,400,,
0,1,,0.385952,0.614048,,400,,
0,0,,0.94278,0.05722,,300,,
0,0,,0.862576,0.137424,,300,,
0,0,,0.965806,0.034194,,300,,
0,0,,0.746571,0.253429,,300,,
0,0,,0.692916,0.307084,,400,,
0,0,,0.920397,0.079603,,300,,
1,0,,0.895517,0.104483,,400,,
1,0,,0.877099,0.122901,,300,,
1,0,,0.737255,0.262745,,300,,
1,0,,0.915539,0.084461,,300,,
1,1,,0.363624,0.636376,,300,,
1,0,,0.704214,0.295786,,300,,
1,0,,0.867202,0.132798,,400,,
1,0,,0.781101,0.218899,,400,,
1,1,,0.275851,0.724149,,400,,
1,0,,0.895517,0.104483,,400,,
1,1,,0.41433,0.58567,,400,,
1,0,,0.889171,0.110829,,300,,
1,0,,0.898124,0.101876,,400,,
1,0,,0.801042,0.198958,,400,,
1,1,,0.234365,0.765635,,400,,
1,1,,0.368544,0.631456,,400,,
1,1,,0.389015,0.610985,,300,,