habermans-survival,Randf,test,0,NANOSECONDS,PREDICTIONS, Generated by ClassifierExperiments.java on 2022-05-16 03:29:42.    SYSTEMPROPERTIES:{user.name:matth,os.arch:amd64,os.name:Windows 10},ENDSYSTEMPROPERTIES
No parameter info
0.7258064516129032,55800,26400,-1,0,2,,-1,-1
0,0,,0.907086,0.092914,,1800,,
0,0,,0.824493,0.175507,,600,,
0,0,,0.970488,0.029512,,700,,
0,0,,0.721518,0.278482,,400,,
0,0,,0.978363,0.021637,,500,,
0,0,,0.630375,0.369625,,500,,
0,0,,0.746947,0.253053,,500,,
0,0,,0.888719,0.111281,,400,,
0,0,,0.973869,0.026131,,500,,
0,0,,0.856932,0.143068,,400,,
0,0,,0.831442,0.168558,,500,,
0,0,,0.929348,0.070652,,300,,
0,0,,0.87025,0.12975,,400,,
0,0,,0.799724,0.200276,,300,,
0,0,,0.71644,0.28356,,400,,
0,0,,0.526099,0.473901,,400,,
0,0,,0.925501,0.074499,,400,,
0,0,,0.744557,0.255443,,400,,
0,1,,0.440443,0.559557,,400,,
0,1,,0.312614,0.687386,,400,,
0,0,,0.866088,0.133912,,400,,
0,0,,0.941081,0.058919,,400,,
0,0,,0.854487,0.145513,,400,,
0,0,,0.929348,0.070652,,400,,
0,1,,0.442263,0.557737,,400,,
0,0,,0.888719,0.111281,,300,,
0,0,,0.566358,0.433642,,400,,
0,0,,0.595028,0.404972,,400,,
0,0,,0.91357,0.08643,,400,,
0,0,,0.90959,0.09041,,400,,
0,0,,0.767358,0.232642,,400,,
0,0,,0.658014,0.341986,,300,,
0,0,,0.933226,0.066774,,400,,
0,1,,0.465927,0.534073,,400,,
0,0,,0.933746,0.066254,,400,,
0,0,,0.861965,0.138035,,400,,
0,0,,0.86348,0.13652,,400,,
0,0,,0.53332,0.46668,,300,,
0,0,,0.735125,0.264875,,400,,
0,0,,0.907964,0.092036,,400,,
0,0,,0.875725,0.124275,,400,,
0,0,,0.816127,0.183873,,300,,
0,0,,0.570162,0.429838,,400,,
0,0,,0.958367,0.041633,,400,,
0,0,,0.871505,0.128495,,400,,
1,1,,0.204615,0.795385,,400,,
1,0,,0.856932,0.143068,,400,,
1,0,,0.972385,0.027615,,400,,
1,0,,0.53653,0.46347,,400,,
1,1,,0.328755,0.671245,,400,,
1,0,,0.929348,0.070652,,400,,
1,0,,0.88601,0.11399,,300,,
1,0,,0.662057,0.337943,,400,,
1,1,,0.344156,0.655844,,400,,
1,0,,0.663053,0.336947,,400,,
1,0,,0.595028,0.404972,,400,,
1,0,,0.954185,0.045815,,400,,
1,0,,0.5739,0.4261,,300,,
1,0,,0.787256,0.212744,,400,,
1,1,,0.494832,0.505168,,400,,
1,0,,0.952303,0.047697,,400,,
1,0,,0.933746,0.066254,,400,,