molecular-promoters,Tuned_CWT,test,3,NANOSECONDS,PREDICTIONS, Generated by ClassifierExperiments.java on 2022-05-16 00:13:32.    SYSTEMPROPERTIES:{user.name:matth,os.arch:amd64,os.name:Windows 10},ENDSYSTEMPROPERTIES
No parameter info
0.7727272727272727,74266700,43680300,-1,21768328,2,,-1,-1
0,0,,0.789701,0.210299,,2057900,,
0,1,,0.423045,0.576955,,1941400,,
0,0,,0.966586,0.033414,,2139200,,
0,1,,0.266586,0.733414,,1975800,,
0,1,,0.323045,0.676955,,1930300,,
0,0,,0.843045,0.156955,,1920500,,
0,1,,0.032558,0.967442,,1986900,,
0,0,,0.528045,0.471955,,2066900,,
0,1,,0.032558,0.967442,,1961700,,
0,0,,0.966586,0.033414,,1932800,,
0,0,,0.966586,0.033414,,1934300,,
1,1,,0.118808,0.881192,,1994200,,
1,1,,0.013333,0.986667,,1974800,,
1,1,,0.46625,0.53375,,1944200,,
1,1,,0.4075,0.5925,,1964800,,
1,1,,0.363045,0.636955,,2022600,,
1,1,,0.158808,0.841192,,2043500,,
1,1,,0.266586,0.733414,,1950000,,
1,1,,0.01375,0.98625,,1935400,,
1,1,,0.479583,0.520417,,2031500,,
1,1,,0.01375,0.98625,,2027300,,
1,1,,0.00625,0.99375,,1944300,,