molecular-promoters,LADTree,test,3,NANOSECONDS,PREDICTIONS, Generated by ClassifierExperiments.java on 2022-05-16 13:39:40.    SYSTEMPROPERTIES:{user.name:matth,os.arch:amd64,os.name:Windows 10},ENDSYSTEMPROPERTIES
No parameter info
0.9090909090909091,38593200,24369500,-1,0,2,,-1,-1
0,0,,0.626246,0.373754,,1153700,,
0,0,,0.57788,0.42212,,1093700,,
0,0,,0.749158,0.250842,,1065600,,
0,0,,0.604634,0.395366,,1167000,,
0,0,,0.536689,0.463311,,1050500,,
0,0,,0.760527,0.239473,,1122600,,
0,1,,0.371008,0.628992,,1047100,,
0,0,,0.655219,0.344781,,1049500,,
0,1,,0.347674,0.652326,,1076400,,
0,0,,0.825629,0.174371,,1086500,,
0,0,,0.892968,0.107032,,1185800,,
1,1,,0.220258,0.779742,,1234200,,
1,1,,0.11,0.89,,1107300,,
1,1,,0.294583,0.705417,,1081700,,
1,1,,0.1825,0.8175,,1084900,,
1,1,,0.245233,0.754767,,1080500,,
1,1,,0.326924,0.673076,,1211800,,
1,1,,0.469158,0.530842,,1123100,,
1,1,,0.187083,0.812917,,1075200,,
1,1,,0.374583,0.625417,,1106400,,
1,1,,0.09375,0.90625,,1082400,,
1,1,,0.247917,0.752083,,1083600,,