monks-3,DStump,test,1,NANOSECONDS,PREDICTIONS, Generated by ClassifierExperiments.java on 2022-05-16 13:47:58.    SYSTEMPROPERTIES:{user.name:matth,os.arch:amd64,os.name:Windows 10},ENDSYSTEMPROPERTIES
No parameter info
0.9910714285714286,2684400,81200,-1,0,2,,-1,-1
0,0,,0.9,0.1,,4500,,
0,0,,1,0,,1900,,
0,0,,1,0,,1700,,
0,0,,1,0,,1800,,
0,0,,0.9,0.1,,700,,
0,0,,0.833333,0.166667,,1900,,
0,0,,0.9,0.1,,1300,,
0,0,,1,0,,1100,,
0,0,,0.9,0.1,,800,,
0,0,,1,0,,500,,
0,0,,1,0,,600,,
0,0,,1,0,,600,,
0,0,,1,0,,400,,
0,0,,0.925,0.075,,900,,
0,0,,1,0,,700,,
0,0,,1,0,,700,,
0,0,,1,0,,700,,
0,0,,0.95,0.05,,800,,
0,0,,1,0,,700,,
0,0,,0.9,0.1,,600,,
0,0,,1,0,,500,,
0,0,,1,0,,500,,
0,0,,0.82,0.18,,900,,
0,0,,1,0,,600,,
0,0,,1,0,,500,,
0,0,,0.9,0.1,,600,,
0,0,,0.9,0.1,,500,,
0,0,,1,0,,700,,
0,0,,1,0,,800,,
0,0,,1,0,,600,,
0,0,,1,0,,500,,
0,0,,0.9,0.1,,500,,
0,0,,0.9,0.1,,500,,
0,0,,0.9,0.1,,500,,
0,0,,0.833333,0.166667,,800,,
0,0,,0.9,0.1,,700,,
0,0,,1,0,,400,,
0,0,,1,0,,600,,
0,0,,1,0,,500,,
0,0,,0.9,0.1,,500,,
0,0,,0.8,0.2,,600,,
0,0,,1,0,,500,,
0,0,,0.9,0.1,,500,,
0,0,,1,0,,400,,
0,0,,0.9,0.1,,600,,
0,0,,1,0,,600,,
0,0,,0.925,0.075,,500,,
0,0,,0.833333,0.166667,,600,,
0,0,,1,0,,500,,
0,0,,0.9,0.1,,500,,
0,0,,1,0,,600,,
0,0,,1,0,,500,,
0,0,,1,0,,600,,
0,0,,1,0,,500,,
1,1,,0,1,,800,,
1,1,,0,1,,700,,
1,1,,0.075,0.925,,1400,,
1,1,,0.066667,0.933333,,800,,
1,1,,0.216667,0.783333,,1600,,
1,1,,0,1,,700,,
1,1,,0,1,,800,,
1,1,,0.128571,0.871429,,700,,
1,1,,0.033333,0.966667,,700,,
1,1,,0,1,,600,,
1,1,,0,1,,1000,,
1,1,,0,1,,600,,
1,1,,0,1,,900,,
1,1,,0,1,,500,,
1,1,,0,1,,500,,
1,1,,0,1,,600,,
1,1,,0,1,,500,,
1,1,,0,1,,600,,
1,1,,0.068571,0.931429,,700,,
1,1,,0.04,0.96,,700,,
1,1,,0,1,,700,,
1,0,,0.7,0.3,,1800,,
1,1,,0.028571,0.971429,,600,,
1,1,,0,1,,600,,
1,1,,0,1,,500,,
1,1,,0.066667,0.933333,,600,,
1,1,,0,1,,600,,
1,1,,0.16,0.84,,800,,
1,1,,0.154167,0.845833,,600,,
1,1,,0.05,0.95,,500,,
1,1,,0,1,,700,,
1,1,,0,1,,600,,
1,1,,0,1,,600,,
1,1,,0,1,,500,,
1,1,,0.266667,0.733333,,600,,
1,1,,0,1,,800,,
1,1,,0,1,,600,,
1,1,,0,1,,500,,
1,1,,0.1,0.9,,800,,
1,1,,0,1,,500,,
1,1,,0,1,,500,,
1,1,,0,1,,500,,
1,1,,0,1,,500,,
1,1,,0.133333,0.866667,,600,,
1,1,,0.2,0.8,,600,,
1,1,,0.014286,0.985714,,600,,
1,1,,0,1,,500,,
1,1,,0.1325,0.8675,,600,,
1,1,,0.07619,0.92381,,600,,
1,1,,0,1,,700,,
1,1,,0,1,,600,,
1,1,,0.1,0.9,,500,,
1,1,,0,1,,600,,
1,1,,0,1,,600,,
1,1,,0.075,0.925,,600,,
1,1,,0.054167,0.945833,,600,,
1,1,,0,1,,500,,
1,1,,0,1,,500,,