zoo,J48,test,2,NANOSECONDS,PREDICTIONS, Generated by ClassifierExperiments.java on 2022-05-15 19:30:00.    SYSTEMPROPERTIES:{user.name:matth,os.arch:amd64,os.name:Windows 10},ENDSYSTEMPROPERTIES
No parameter info
0.8636363636363636,164200,6400,-1,0,7,,-1,-1
0,0,,1,0,0,0,0,0,0,,1300,,
0,0,,1,0,0,0,0,0,0,,200,,
0,0,,1,0,0,0,0,0,0,,200,,
0,0,,1,0,0,0,0,0,0,,100,,
0,0,,1,0,0,0,0,0,0,,200,,
0,0,,1,0,0,0,0,0,0,,200,,
0,0,,1,0,0,0,0,0,0,,100,,
0,0,,1,0,0,0,0,0,0,,200,,
0,0,,1,0,0,0,0,0,0,,200,,
1,1,,0,1,0,0,0,0,0,,100,,
1,1,,0,1,0,0,0,0,0,,100,,
1,1,,0,1,0,0,0,0,0,,100,,
1,1,,0,1,0,0,0,0,0,,100,,
2,5,,0,0,0,0,0,0.857143,0.142857,,700,,
3,3,,0,0,0,1,0,0,0,,400,,
3,3,,0,0,0,1,0,0,0,,300,,
3,3,,0,0,0,1,0,0,0,,300,,
4,4,,0,0,0,0,1,0,0,,500,,
5,5,,0,0,0,0,0,0.857143,0.142857,,300,,
5,5,,0,0,0,0,0,0.857143,0.142857,,300,,
6,5,,0,0,0,0,0,0.857143,0.142857,,200,,
6,5,,0,0,0,0,0,0.857143,0.142857,,300,,