fertility,J48,test,3,NANOSECONDS,PREDICTIONS, Generated by ClassifierExperiments.java on 2022-05-16 13:01:05.    SYSTEMPROPERTIES:{user.name:matth,os.arch:amd64,os.name:Windows 10},ENDSYSTEMPROPERTIES
No parameter info
0.8095238095238095,10534200,11000,-1,0,2,,-1,-1
0,0,,0.996326,0.003674,,2300,,
0,0,,0.978388,0.021612,,500,,
0,0,,0.996326,0.003674,,600,,
0,0,,0.996326,0.003674,,600,,
0,0,,0.978388,0.021612,,500,,
0,0,,0.945256,0.054744,,600,,
0,0,,0.978388,0.021612,,500,,
0,0,,0.996326,0.003674,,400,,
0,0,,0.996326,0.003674,,400,,
0,0,,0.996326,0.003674,,400,,
0,0,,0.978388,0.021612,,400,,
0,0,,0.996326,0.003674,,400,,
0,0,,0.978388,0.021612,,400,,
0,0,,0.996326,0.003674,,400,,
0,0,,0.996326,0.003674,,300,,
0,0,,0.978388,0.021612,,400,,
0,1,,0.119203,0.880797,,300,,
0,0,,0.996326,0.003674,,400,,
1,0,,0.945256,0.054744,,400,,
1,0,,0.996326,0.003674,,400,,
1,0,,0.996326,0.003674,,400,,