fertility,J48,test,3,NANOSECONDS,PREDICTIONS, Generated by ClassifierExperiments.java on 2022-05-16 03:44:49.    SYSTEMPROPERTIES:{user.name:matth,os.arch:amd64,os.name:Windows 10},ENDSYSTEMPROPERTIES
No parameter info
0.8095238095238095,7723700,6300,-1,0,2,,-1,-1
0,0,,0.996326,0.003674,,1700,,
0,0,,0.978388,0.021612,,400,,
0,0,,0.996326,0.003674,,200,,
0,0,,0.996326,0.003674,,300,,
0,0,,0.978388,0.021612,,200,,
0,0,,0.945256,0.054744,,300,,
0,0,,0.978388,0.021612,,200,,
0,0,,0.996326,0.003674,,200,,
0,0,,0.996326,0.003674,,200,,
0,0,,0.996326,0.003674,,200,,
0,0,,0.978388,0.021612,,300,,
0,0,,0.996326,0.003674,,200,,
0,0,,0.978388,0.021612,,200,,
0,0,,0.996326,0.003674,,100,,
0,0,,0.996326,0.003674,,200,,
0,0,,0.978388,0.021612,,300,,
0,1,,0.119203,0.880797,,200,,
0,0,,0.996326,0.003674,,200,,
1,0,,0.945256,0.054744,,200,,
1,0,,0.996326,0.003674,,200,,
1,0,,0.996326,0.003674,,300,,