spect-heart,DStump,test,3,NANOSECONDS,PREDICTIONS, Generated by ClassifierExperiments.java on 2022-05-16 13:48:05.    SYSTEMPROPERTIES:{user.name:matth,os.arch:amd64,os.name:Windows 10},ENDSYSTEMPROPERTIES
No parameter info
0.6666666666666666,3620600,73700,-1,0,2,,-1,-1
0,0,,0.9,0.1,,7400,,
0,0,,1,0,,1700,,
0,0,,1,0,,900,,
0,0,,0.9,0.1,,1600,,
0,0,,0.8,0.2,,1800,,
0,0,,0.5,0.5,,2700,,
0,0,,0.8,0.2,,1700,,
0,0,,1,0,,900,,
0,0,,0.6,0.4,,1300,,
0,1,,0.45,0.55,,3600,,
0,0,,0.6,0.4,,800,,
0,1,,0.483362,0.516638,,3100,,
0,1,,0.4,0.6,,800,,
0,0,,0.6,0.4,,900,,
0,0,,0.7,0.3,,1800,,
0,0,,0.6,0.4,,1200,,
0,1,,0.2,0.8,,1400,,
0,0,,0.5,0.5,,1500,,
0,0,,0.836991,0.163009,,2200,,
0,0,,0.9,0.1,,1200,,
0,0,,0.753159,0.246841,,1000,,
0,1,,0.3,0.7,,1200,,
0,0,,0.8,0.2,,900,,
0,1,,0.45,0.55,,1200,,
0,0,,0.6,0.4,,1200,,
0,1,,0,1,,1000,,
0,0,,0.926741,0.073259,,1100,,
0,0,,0.9,0.1,,800,,
0,1,,0.446999,0.553001,,1400,,
0,1,,0.4,0.6,,1200,,
0,0,,1,0,,1100,,
0,0,,0.926741,0.073259,,1200,,
1,0,,0.7,0.3,,900,,
1,1,,0.156667,0.843333,,1100,,
1,1,,0.2,0.8,,1100,,
1,0,,0.8,0.2,,1000,,
1,0,,0.8,0.2,,800,,
1,0,,0.616667,0.383333,,900,,
1,1,,0.1,0.9,,1000,,
1,1,,0.3,0.7,,900,,
1,1,,0.4,0.6,,1000,,
1,1,,0,1,,900,,
1,1,,0.1,0.9,,1400,,
1,0,,0.926741,0.073259,,1100,,
1,0,,0.6,0.4,,900,,
1,0,,0.5,0.5,,1000,,
1,0,,1,0,,1000,,
1,1,,0.3,0.7,,1200,,
1,1,,0,1,,700,,
1,1,,0.2,0.8,,700,,
1,1,,0.306667,0.693333,,1300,,
1,0,,0.6,0.4,,1100,,
1,1,,0.3,0.7,,800,,
1,1,,0.3,0.7,,1100,,