molecular-promoters,Randf,test,0,NANOSECONDS,PREDICTIONS, Generated by ClassifierExperiments.java on 2022-05-16 03:29:43.    SYSTEMPROPERTIES:{user.name:matth,os.arch:amd64,os.name:Windows 10},ENDSYSTEMPROPERTIES
No parameter info
0.9545454545454546,144700,120400,-1,0,2,,-1,-1
0,0,,0.978497,0.021503,,7100,,
0,0,,0.999982,0.000018,,5500,,
0,0,,0.999523,0.000477,,5300,,
0,0,,0.695021,0.304979,,5500,,
0,0,,0.91646,0.08354,,5500,,
0,0,,0.950649,0.049351,,5400,,
0,0,,0.999981,0.000019,,5400,,
0,0,,0.876583,0.123417,,5300,,
0,0,,0.999603,0.000397,,5200,,
0,0,,0.939822,0.060178,,5600,,
0,0,,0.999954,0.000046,,5100,,
1,1,,0.001134,0.998866,,5300,,
1,1,,0.000036,0.999964,,5300,,
1,1,,0.005459,0.994541,,5400,,
1,1,,0.001835,0.998165,,5300,,
1,1,,0.003942,0.996058,,5500,,
1,1,,0.034653,0.965347,,5600,,
1,1,,0.015222,0.984778,,5500,,
1,1,,0.001021,0.998979,,5300,,
1,1,,0,1,,5300,,
1,0,,0.531847,0.468153,,5800,,
1,1,,0.000003,0.999997,,5200,,