molecular-promoters,Randf,test,4,NANOSECONDS,PREDICTIONS, Generated by ClassifierExperiments.java on 2022-05-16 12:45:50.    SYSTEMPROPERTIES:{user.name:matth,os.arch:amd64,os.name:Windows 10},ENDSYSTEMPROPERTIES
No parameter info
0.9090909090909091,167100,165900,-1,0,2,,-1,-1
0,0,,0.97641,0.02359,,11800,,
0,0,,0.999975,0.000025,,7300,,
0,0,,0.999954,0.000046,,7200,,
0,0,,0.999972,0.000028,,7100,,
0,0,,0.999725,0.000275,,7300,,
0,0,,1,0,,7100,,
0,0,,0.998677,0.001323,,7200,,
0,1,,0.060138,0.939862,,7200,,
0,0,,0.999976,0.000024,,7100,,
0,0,,0.992145,0.007855,,7200,,
0,0,,1,0,,7200,,
1,1,,0.000057,0.999943,,7300,,
1,1,,0.000064,0.999936,,7100,,
1,1,,0.039377,0.960623,,7300,,
1,1,,0.000047,0.999953,,7200,,
1,0,,0.851956,0.148044,,7400,,
1,1,,0.000009,0.999991,,7200,,
1,1,,0.0087,0.9913,,9400,,
1,1,,0.00005,0.99995,,7200,,
1,1,,0.000033,0.999967,,7500,,
1,1,,0.230715,0.769285,,7300,,
1,1,,0.00139,0.99861,,7300,,