molecular-promoters,Randf,test,2,NANOSECONDS,PREDICTIONS, Generated by ClassifierExperiments.java on 2022-05-16 12:45:48.    SYSTEMPROPERTIES:{user.name:matth,os.arch:amd64,os.name:Windows 10},ENDSYSTEMPROPERTIES
No parameter info
0.8636363636363636,86100,123300,-1,0,2,,-1,-1
0,0,,0.999798,0.000202,,11000,,
0,0,,1,0,,5700,,
0,0,,0.999996,0.000004,,5200,,
0,0,,0.997821,0.002179,,5300,,
0,1,,0.00756,0.99244,,5300,,
0,0,,0.969389,0.030611,,5300,,
0,0,,0.999976,0.000024,,6700,,
0,0,,0.968786,0.031214,,5200,,
0,0,,1,0,,5100,,
0,0,,0.998181,0.001819,,5200,,
0,0,,0.999972,0.000028,,5200,,
1,1,,0.022661,0.977339,,5300,,
1,1,,0.000001,0.999999,,5200,,
1,0,,0.549638,0.450362,,5400,,
1,1,,0.1815,0.8185,,5300,,
1,1,,0.000207,0.999793,,5100,,
1,1,,0.167809,0.832191,,5200,,
1,1,,0.000024,0.999976,,5300,,
1,1,,0.00001,0.99999,,5100,,
1,1,,0.006779,0.993221,,5200,,
1,0,,0.728383,0.271617,,5800,,
1,1,,0.108002,0.891998,,5200,,