spect-heart,J48,test,4,NANOSECONDS,PREDICTIONS, Generated by ClassifierExperiments.java on 2022-05-16 13:07:23.    SYSTEMPROPERTIES:{user.name:matth,os.arch:amd64,os.name:Windows 10},ENDSYSTEMPROPERTIES
No parameter info
0.7407407407407407,9289500,14500,-1,0,2,,-1,-1
0,0,,0.873014,0.126986,,1400,,
0,1,,0.379592,0.620408,,400,,
0,0,,0.665962,0.334038,,200,,
0,0,,0.851055,0.148945,,200,,
0,0,,0.794279,0.205721,,300,,
0,0,,0.851055,0.148945,,200,,
0,0,,0.665962,0.334038,,200,,
0,0,,0.873014,0.126986,,300,,
0,1,,0.068819,0.931181,,300,,
0,0,,0.93499,0.06501,,200,,
0,0,,0.873014,0.126986,,200,,
0,0,,0.851055,0.148945,,200,,
0,0,,0.665962,0.334038,,300,,
0,0,,0.523816,0.476184,,400,,
0,1,,0.464138,0.535862,,200,,
0,0,,0.851055,0.148945,,100,,
0,0,,0.851055,0.148945,,200,,
0,0,,0.851055,0.148945,,200,,
0,0,,0.665962,0.334038,,200,,
0,1,,0.174827,0.825173,,300,,
0,0,,0.794279,0.205721,,300,,
0,0,,0.851055,0.148945,,200,,
0,0,,0.665962,0.334038,,300,,
0,1,,0.084267,0.915733,,300,,
0,0,,0.873014,0.126986,,300,,
0,1,,0.032789,0.967211,,400,,
0,0,,0.712842,0.287158,,200,,
0,1,,0.477606,0.522394,,300,,
0,1,,0.032789,0.967211,,300,,
0,1,,0.284284,0.715716,,200,,
0,0,,0.873014,0.126986,,200,,
0,0,,0.851055,0.148945,,200,,
1,0,,0.665962,0.334038,,200,,
1,0,,0.665962,0.334038,,200,,
1,1,,0.032789,0.967211,,400,,
1,0,,0.851055,0.148945,,200,,
1,1,,0.284284,0.715716,,200,,
1,1,,0.241851,0.758149,,200,,
1,1,,0.379592,0.620408,,200,,
1,1,,0.063541,0.936459,,300,,
1,1,,0.174827,0.825173,,300,,
1,1,,0.084267,0.915733,,200,,
1,1,,0.032789,0.967211,,200,,
1,0,,0.873014,0.126986,,200,,
1,1,,0.226531,0.773469,,200,,
1,1,,0.174827,0.825173,,200,,
1,1,,0.068819,0.931181,,300,,
1,1,,0.477606,0.522394,,300,,
1,1,,0.477606,0.522394,,200,,
1,1,,0.028634,0.971366,,300,,
1,0,,0.523816,0.476184,,300,,
1,1,,0.284284,0.715716,,200,,
1,1,,0.477606,0.522394,,200,,
1,1,,0.063541,0.936459,,300,,