ionosphere,J48,test,0,NANOSECONDS,PREDICTIONS, Generated by ClassifierExperiments.java on 2022-05-15 19:49:59.    SYSTEMPROPERTIES:{user.name:matth,os.arch:amd64,os.name:Windows 10},ENDSYSTEMPROPERTIES
No parameter info
0.8450704225352113,9945500,16400,-1,0,2,,-1,-1
0,0,,0.941176,0.058824,,1900,,
0,0,,0.941176,0.058824,,200,,
0,0,,1,0,,500,,
0,0,,1,0,,200,,
0,0,,1,0,,100,,
0,1,,0,1,,400,,
0,1,,0.111111,0.888889,,300,,
0,1,,0,1,,500,,
0,1,,0,1,,200,,
0,0,,1,0,,200,,
0,0,,1,0,,100,,
0,0,,1,0,,200,,
0,0,,1,0,,100,,
0,0,,1,0,,200,,
0,0,,1,0,,100,,
0,0,,1,0,,200,,
0,0,,1,0,,200,,
0,0,,1,0,,200,,
0,0,,1,0,,100,,
0,0,,1,0,,100,,
0,0,,1,0,,100,,
0,0,,1,0,,100,,
0,1,,0,1,,300,,
0,1,,0.111111,0.888889,,200,,
0,0,,1,0,,200,,
0,0,,1,0,,200,,
1,1,,0,1,,200,,
1,0,,1,0,,300,,
1,1,,0,1,,200,,
1,1,,0,1,,100,,
1,1,,0,1,,200,,
1,1,,0,1,,200,,
1,1,,0,1,,200,,
1,1,,0,1,,200,,
1,1,,0,1,,200,,
1,0,,1,0,,200,,
1,1,,0,1,,300,,
1,1,,0,1,,200,,
1,1,,0.111111,0.888889,,200,,
1,1,,0,1,,200,,
1,1,,0,1,,200,,
1,0,,1,0,,200,,
1,1,,0,1,,200,,
1,0,,1,0,,600,,
1,1,,0,1,,400,,
1,1,,0.111111,0.888889,,200,,
1,1,,0,1,,200,,
1,1,,0,1,,200,,
1,1,,0,1,,200,,
1,1,,0,1,,200,,
1,1,,0,1,,200,,
1,1,,0,1,,100,,
1,1,,0,1,,100,,
1,1,,0,1,,200,,
1,1,,0,1,,100,,
1,1,,0,1,,200,,
1,1,,0,1,,200,,
1,1,,0,1,,200,,
1,1,,0,1,,200,,
1,1,,0,1,,200,,
1,1,,0,1,,100,,
1,1,,0,1,,200,,
1,1,,0,1,,100,,
1,1,,0.111111,0.888889,,300,,
1,1,,0,1,,200,,
1,1,,0,1,,200,,
1,1,,0,1,,200,,
1,0,,1,0,,300,,
1,1,,0,1,,200,,
1,1,,0,1,,200,,
1,1,,0,1,,100,,