monks-3,Tuned_CWT,test,0,NANOSECONDS,PREDICTIONS, Generated by ClassifierExperiments.java on 2022-05-15 21:00:21.    SYSTEMPROPERTIES:{user.name:matth,os.arch:amd64,os.name:Windows 10},ENDSYSTEMPROPERTIES
CourseworkTree,BESTPARAS:{S: gini, D: 4, },SPACE:{,	S: [ gain, ratio, gini, chi, ],	D: [ 1, 2, 4, 8, 16, 32, 64, unlimited, ],}
0.9821428571428571,2704400,4900,-1,17777176,2,,-1,-1
0,0,,1,0,,600,,
0,0,,1,0,,0,,
0,0,,1,0,,100,,
0,0,,1,0,,0,,
0,0,,1,0,,100,,
0,0,,1,0,,0,,
0,0,,1,0,,100,,
0,0,,1,0,,0,,
0,0,,1,0,,0,,
0,0,,0.833333,0.166667,,100,,
0,0,,1,0,,100,,
0,0,,1,0,,0,,
0,0,,1,0,,100,,
0,0,,1,0,,100,,
0,0,,0.833333,0.166667,,100,,
0,0,,1,0,,100,,
0,0,,1,0,,0,,
0,0,,1,0,,0,,
0,0,,1,0,,0,,
0,0,,1,0,,0,,
0,0,,1,0,,0,,
0,0,,1,0,,0,,
0,0,,1,0,,100,,
0,0,,1,0,,0,,
0,0,,1,0,,0,,
0,0,,1,0,,0,,
0,0,,1,0,,100,,
0,0,,1,0,,100,,
0,0,,1,0,,0,,
0,0,,1,0,,0,,
0,0,,1,0,,0,,
0,0,,1,0,,0,,
0,0,,1,0,,0,,
0,0,,1,0,,0,,
0,0,,1,0,,100,,
0,0,,1,0,,0,,
0,0,,1,0,,0,,
0,0,,1,0,,0,,
0,0,,1,0,,0,,
0,0,,1,0,,0,,
0,1,,0,1,,0,,
0,0,,1,0,,0,,
0,0,,1,0,,0,,
0,0,,1,0,,0,,
0,0,,1,0,,0,,
0,0,,1,0,,0,,
0,0,,1,0,,0,,
0,0,,1,0,,0,,
0,0,,1,0,,0,,
0,0,,1,0,,0,,
0,1,,0.166667,0.833333,,100,,
0,0,,1,0,,100,,
0,0,,1,0,,100,,
0,0,,1,0,,100,,
1,1,,0,1,,100,,
1,1,,0,1,,100,,
1,1,,0,1,,100,,
1,1,,0,1,,200,,
1,1,,0,1,,100,,
1,1,,0,1,,100,,
1,1,,0,1,,100,,
1,1,,0,1,,100,,
1,1,,0,1,,100,,
1,1,,0,1,,100,,
1,1,,0,1,,100,,
1,1,,0,1,,100,,
1,1,,0,1,,100,,
1,1,,0,1,,100,,
1,1,,0,1,,100,,
1,1,,0,1,,100,,
1,1,,0,1,,100,,
1,1,,0,1,,100,,
1,1,,0,1,,100,,
1,1,,0.166667,0.833333,,100,,
1,1,,0,1,,100,,
1,1,,0,1,,0,,
1,1,,0,1,,0,,
1,1,,0,1,,0,,
1,1,,0,1,,0,,
1,1,,0.166667,0.833333,,0,,
1,1,,0,1,,0,,
1,1,,0.166667,0.833333,,0,,
1,1,,0,1,,0,,
1,1,,0,1,,0,,
1,1,,0,1,,0,,
1,1,,0,1,,0,,
1,1,,0,1,,0,,
1,1,,0,1,,0,,
1,1,,0,1,,0,,
1,1,,0,1,,100,,
1,1,,0,1,,100,,
1,1,,0.166667,0.833333,,0,,
1,1,,0,1,,0,,
1,1,,0,1,,0,,
1,1,,0,1,,0,,
1,1,,0,1,,0,,
1,1,,0,1,,0,,
1,1,,0,1,,0,,
1,1,,0,1,,0,,
1,1,,0,1,,0,,
1,1,,0,1,,0,,
1,1,,0,1,,0,,
1,1,,0.142857,0.857143,,0,,
1,1,,0,1,,0,,
1,1,,0,1,,0,,
1,1,,0,1,,0,,
1,1,,0,1,,0,,
1,1,,0,1,,100,,
1,1,,0,1,,100,,
1,1,,0,1,,0,,
1,1,,0,1,,0,,
1,1,,0,1,,0,,