monks-3,J48,test,2,NANOSECONDS,PREDICTIONS, Generated by ClassifierExperiments.java on 2022-05-15 19:30:00.    SYSTEMPROPERTIES:{user.name:matth,os.arch:amd64,os.name:Windows 10},ENDSYSTEMPROPERTIES
No parameter info
1.0,244400,16000,-1,0,2,,-1,-1
0,0,,1,0,,1200,,
0,0,,1,0,,600,,
0,0,,1,0,,100,,
0,0,,1,0,,400,,
0,0,,1,0,,100,,
0,0,,1,0,,300,,
0,0,,1,0,,500,,
0,0,,1,0,,0,,
0,0,,1,0,,100,,
0,0,,0.933333,0.066667,,200,,
0,0,,1,0,,200,,
0,0,,1,0,,0,,
0,0,,1,0,,100,,
0,0,,1,0,,100,,
0,0,,1,0,,100,,
0,0,,1,0,,100,,
0,0,,1,0,,100,,
0,0,,1,0,,100,,
0,0,,1,0,,100,,
0,0,,1,0,,100,,
0,0,,1,0,,100,,
0,0,,1,0,,100,,
0,0,,1,0,,100,,
0,0,,1,0,,100,,
0,0,,1,0,,100,,
0,0,,1,0,,100,,
0,0,,1,0,,100,,
0,0,,1,0,,2600,,
0,0,,1,0,,100,,
0,0,,1,0,,100,,
0,0,,1,0,,100,,
0,0,,1,0,,100,,
0,0,,1,0,,100,,
0,0,,1,0,,100,,
0,0,,1,0,,100,,
0,0,,1,0,,0,,
0,0,,1,0,,0,,
0,0,,1,0,,100,,
0,0,,1,0,,100,,
0,0,,1,0,,100,,
0,0,,1,0,,100,,
0,0,,1,0,,100,,
0,0,,1,0,,100,,
0,0,,1,0,,100,,
0,0,,1,0,,100,,
0,0,,1,0,,100,,
0,0,,1,0,,100,,
0,0,,1,0,,100,,
0,0,,1,0,,100,,
0,0,,1,0,,100,,
0,0,,1,0,,100,,
0,0,,1,0,,0,,
0,0,,1,0,,100,,
0,0,,1,0,,100,,
1,1,,0.027778,0.972222,,100,,
1,1,,0.027778,0.972222,,100,,
1,1,,0.071429,0.928571,,100,,
1,1,,0,1,,100,,
1,1,,0,1,,100,,
1,1,,0,1,,100,,
1,1,,0.02381,0.97619,,100,,
1,1,,0.02381,0.97619,,100,,
1,1,,0,1,,100,,
1,1,,0,1,,200,,
1,1,,0,1,,100,,
1,1,,0,1,,100,,
1,1,,0.02381,0.97619,,100,,
1,1,,0.027778,0.972222,,100,,
1,1,,0,1,,100,,
1,1,,0.02381,0.97619,,100,,
1,1,,0,1,,100,,
1,1,,0,1,,100,,
1,1,,0,1,,100,,
1,1,,0,1,,100,,
1,1,,0.027778,0.972222,,100,,
1,1,,0,1,,100,,
1,1,,0.071429,0.928571,,100,,
1,1,,0,1,,100,,
1,1,,0,1,,100,,
1,1,,0,1,,100,,
1,1,,0.027778,0.972222,,100,,
1,1,,0,1,,100,,
1,1,,0,1,,100,,
1,1,,0,1,,100,,
1,1,,0.071429,0.928571,,100,,
1,1,,0,1,,100,,
1,1,,0,1,,100,,
1,1,,0.071429,0.928571,,100,,
1,1,,0,1,,100,,
1,1,,0.027778,0.972222,,100,,
1,1,,0.02381,0.97619,,100,,
1,1,,0.071429,0.928571,,100,,
1,1,,0.071429,0.928571,,100,,
1,1,,0,1,,100,,
1,1,,0,1,,100,,
1,1,,0,1,,100,,
1,1,,0,1,,100,,
1,1,,0,1,,100,,
1,1,,0,1,,100,,
1,1,,0.02381,0.97619,,100,,
1,1,,0,1,,100,,
1,1,,0,1,,100,,
1,1,,0,1,,100,,
1,1,,0,1,,100,,
1,1,,0.02381,0.97619,,100,,
1,1,,0,1,,100,,
1,1,,0,1,,100,,
1,1,,0,1,,100,,
1,1,,0,1,,100,,
1,1,,0,1,,100,,
1,1,,0,1,,100,,
1,1,,0,1,,100,,