spect-heart,Tuned_CWT,test,4,NANOSECONDS,PREDICTIONS, Generated by ClassifierExperiments.java on 2022-05-16 00:29:16.    SYSTEMPROPERTIES:{user.name:matth,os.arch:amd64,os.name:Windows 10},ENDSYSTEMPROPERTIES
No parameter info
0.6666666666666666,86558200,56240800,-1,24775712,2,,-1,-1
0,0,,0.860235,0.139765,,1179000,,
0,1,,0.22778,0.77222,,1139600,,
0,0,,0.646402,0.353598,,1096300,,
0,1,,0.272898,0.727102,,999200,,
0,0,,0.794365,0.205635,,1021400,,
0,0,,0.884233,0.115767,,1005300,,
0,0,,0.786958,0.213042,,1217600,,
0,0,,0.829209,0.170791,,1345200,,
0,1,,0.089635,0.910365,,1254200,,
0,0,,0.814447,0.185553,,1059800,,
0,0,,0.860235,0.139765,,1054900,,
0,0,,0.505075,0.494925,,1024600,,
0,1,,0.393881,0.606119,,1040100,,
0,0,,0.691141,0.308859,,1254800,,
0,1,,0.376958,0.623042,,1074900,,
0,0,,0.884233,0.115767,,1023400,,
0,0,,0.884233,0.115767,,1003600,,
0,0,,0.884233,0.115767,,1012800,,
0,1,,0.341288,0.658712,,1000400,,
0,1,,0.297698,0.702302,,1000500,,
0,0,,0.794365,0.205635,,1071100,,
0,0,,0.884233,0.115767,,1463300,,
0,0,,0.631652,0.368348,,1526200,,
0,1,,0.127845,0.872155,,1352100,,
0,0,,0.90085,0.09915,,1018700,,
0,1,,0.089635,0.910365,,1063600,,
0,0,,0.784233,0.215767,,1072200,,
0,0,,0.715141,0.284859,,1030700,,
0,1,,0.089635,0.910365,,1124500,,
0,1,,0.143845,0.856155,,1029200,,
0,0,,0.860235,0.139765,,1030700,,
0,0,,0.884233,0.115767,,988700,,
1,0,,0.753875,0.246125,,929900,,
1,0,,0.646402,0.353598,,936300,,
1,1,,0.089635,0.910365,,894000,,
1,1,,0.365075,0.634925,,901700,,
1,1,,0.143845,0.856155,,1149300,,
1,1,,0.089635,0.910365,,942900,,
1,1,,0.20778,0.79222,,927000,,
1,0,,0.625635,0.374365,,944200,,
1,0,,0.541652,0.458348,,966200,,
1,1,,0.387845,0.612155,,912600,,
1,1,,0.089635,0.910365,,898100,,
1,0,,0.860235,0.139765,,911100,,
1,1,,0.332301,0.667699,,894600,,
1,1,,0.297698,0.702302,,935000,,
1,1,,0.089635,0.910365,,934400,,
1,1,,0.259845,0.740155,,1066400,,
1,0,,0.659845,0.340155,,939800,,
1,1,,0.125635,0.874365,,964200,,
1,1,,0.355141,0.644859,,906700,,
1,1,,0.143845,0.856155,,890200,,
1,1,,0.283845,0.716155,,896300,,
1,0,,0.625635,0.374365,,921300,,