spect-heart,Tuned_CWT,test,1,NANOSECONDS,PREDICTIONS, Generated by ClassifierExperiments.java on 2022-05-15 23:48:12.    SYSTEMPROPERTIES:{user.name:matth,os.arch:amd64,os.name:Windows 10},ENDSYSTEMPROPERTIES
No parameter info
0.6481481481481481,111984900,66735800,-1,26406712,2,,-1,-1
0,1,,0.075282,0.924718,,1191500,,
0,0,,0.826621,0.173379,,1070300,,
0,1,,0.406858,0.593142,,1167700,,
0,1,,0.378158,0.621842,,989000,,
0,1,,0.49894,0.50106,,975000,,
0,0,,0.867274,0.132726,,1051700,,
0,0,,0.907274,0.092726,,1116800,,
0,0,,0.591166,0.408834,,1135400,,
0,0,,0.825693,0.174307,,1367200,,
0,0,,0.599764,0.400236,,1127300,,
0,1,,0.444901,0.555099,,1010400,,
0,0,,0.770778,0.229222,,1810500,,
0,0,,0.911466,0.088534,,992500,,
0,0,,0.751166,0.248834,,1086600,,
0,0,,0.825693,0.174307,,1056800,,
0,0,,0.92823,0.07177,,941000,,
0,1,,0.067758,0.932242,,948700,,
0,0,,0.931814,0.068186,,966700,,
0,0,,0.645814,0.354186,,1113800,,
0,0,,0.981481,0.018519,,944500,,
0,1,,0.364901,0.635099,,1148500,,
0,0,,0.92823,0.07177,,1193000,,
0,1,,0.121568,0.878432,,996800,,
0,0,,0.853568,0.146432,,959400,,
0,0,,0.92823,0.07177,,939200,,
0,0,,0.918738,0.081262,,1755400,,
0,1,,0.204858,0.795142,,2060800,,
0,1,,0.40689,0.59311,,1258000,,
0,0,,0.89823,0.10177,,950800,,
0,0,,0.674858,0.325142,,923700,,
0,0,,0.79823,0.20177,,930100,,
0,0,,0.679029,0.320971,,1201000,,
1,0,,0.748779,0.251221,,1583400,,
1,1,,0.073758,0.926242,,1330300,,
1,0,,0.536398,0.463602,,1083400,,
1,0,,0.602921,0.397079,,1303500,,
1,1,,0.450778,0.549222,,1380500,,
1,1,,0.231492,0.768508,,1605800,,
1,0,,0.726858,0.273142,,1981800,,
1,1,,0.067758,0.932242,,1687500,,
1,1,,0.055758,0.944242,,1215900,,
1,0,,0.795242,0.204758,,1105100,,
1,1,,0.085758,0.914242,,1661000,,
1,1,,0.073758,0.926242,,1736700,,
1,1,,0.055758,0.944242,,1388800,,
1,0,,0.92823,0.07177,,1341800,,
1,1,,0.493813,0.506187,,1179600,,
1,0,,0.557758,0.442242,,928500,,
1,1,,0.153758,0.846242,,1055300,,
1,0,,0.92823,0.07177,,1772300,,
1,1,,0.459758,0.540242,,1642900,,
1,1,,0.055758,0.944242,,1055400,,
1,0,,0.981481,0.018519,,1145900,,
1,1,,0.377758,0.622242,,1170300,,