habermans-survival,CWE,test,4,NANOSECONDS,PREDICTIONS, Generated by ClassifierExperiments.java on 2022-05-16 03:29:41.    SYSTEMPROPERTIES:{user.name:matth,os.arch:amd64,os.name:Windows 10},ENDSYSTEMPROPERTIES
No parameter info
0.7258064516129032,78400,3800,-1,0,2,,-1,-1
0,0,,0.628571,0.371429,,100,,
0,0,,0.628571,0.371429,,0,,
0,0,,0.628571,0.371429,,0,,
0,0,,0.884615,0.115385,,0,,
0,0,,0.628571,0.371429,,0,,
0,0,,0.884615,0.115385,,0,,
0,0,,0.884615,0.115385,,0,,
0,0,,0.884615,0.115385,,100,,
0,0,,0.884615,0.115385,,0,,
0,0,,0.884615,0.115385,,0,,
0,0,,0.884615,0.115385,,0,,
0,0,,0.628571,0.371429,,0,,
0,0,,0.884615,0.115385,,0,,
0,0,,0.628571,0.371429,,100,,
0,0,,0.628571,0.371429,,100,,
0,0,,0.628571,0.371429,,100,,
0,0,,0.628571,0.371429,,0,,
0,0,,0.628571,0.371429,,0,,
0,0,,0.628571,0.371429,,100,,
0,0,,0.628571,0.371429,,100,,
0,0,,0.884615,0.115385,,100,,
0,0,,0.628571,0.371429,,100,,
0,0,,0.628571,0.371429,,100,,
0,0,,0.884615,0.115385,,100,,
0,0,,0.884615,0.115385,,100,,
0,0,,0.884615,0.115385,,100,,
0,0,,0.884615,0.115385,,100,,
0,0,,0.628571,0.371429,,100,,
0,0,,0.628571,0.371429,,0,,
0,0,,0.884615,0.115385,,100,,
0,0,,0.628571,0.371429,,0,,
0,0,,0.884615,0.115385,,0,,
0,0,,0.884615,0.115385,,0,,
0,0,,0.884615,0.115385,,0,,
0,0,,0.884615,0.115385,,0,,
0,0,,0.884615,0.115385,,0,,
0,0,,0.628571,0.371429,,100,,
0,0,,0.884615,0.115385,,100,,
0,0,,0.884615,0.115385,,100,,
0,0,,0.628571,0.371429,,100,,
0,0,,0.884615,0.115385,,100,,
0,0,,0.628571,0.371429,,100,,
0,0,,0.884615,0.115385,,100,,
0,0,,0.884615,0.115385,,100,,
0,0,,0.884615,0.115385,,100,,
1,0,,0.628571,0.371429,,100,,
1,0,,0.628571,0.371429,,100,,
1,0,,0.628571,0.371429,,100,,
1,0,,0.628571,0.371429,,100,,
1,0,,0.884615,0.115385,,100,,
1,0,,0.884615,0.115385,,100,,
1,0,,0.628571,0.371429,,100,,
1,0,,0.628571,0.371429,,100,,
1,0,,0.884615,0.115385,,100,,
1,0,,0.884615,0.115385,,100,,
1,0,,0.884615,0.115385,,100,,
1,0,,0.628571,0.371429,,100,,
1,0,,0.628571,0.371429,,100,,
1,0,,0.884615,0.115385,,0,,
1,0,,0.628571,0.371429,,0,,
1,0,,0.628571,0.371429,,0,,
1,0,,0.884615,0.115385,,0,,