habermans-survival,CWE,test,3,NANOSECONDS,PREDICTIONS, Generated by ClassifierExperiments.java on 2022-05-16 23:28:49.    SYSTEMPROPERTIES:{user.name:matth,os.arch:amd64,os.name:Windows 10},ENDSYSTEMPROPERTIES
No parameter info
0.7258064516129032,2909400,13966500,-1,0,2,,-1,-1
0,0,,0.681171,0.318829,,270200,,
0,0,,0.765067,0.234933,,222100,,
0,0,,0.765067,0.234933,,226100,,
0,0,,0.786885,0.213115,,222600,,
0,0,,0.765067,0.234933,,221000,,
0,0,,0.786885,0.213115,,221500,,
0,0,,0.765067,0.234933,,222900,,
0,0,,0.765067,0.234933,,224200,,
0,0,,0.758885,0.241115,,221800,,
0,0,,0.717208,0.282792,,221900,,
0,0,,0.681171,0.318829,,222900,,
0,0,,0.786885,0.213115,,224600,,
0,0,,0.765067,0.234933,,224400,,
0,0,,0.713552,0.286448,,230800,,
0,0,,0.765067,0.234933,,226700,,
0,0,,0.765067,0.234933,,224200,,
0,0,,0.758885,0.241115,,227700,,
0,0,,0.738737,0.261263,,225800,,
0,0,,0.765067,0.234933,,226500,,
0,0,,0.713552,0.286448,,224800,,
0,0,,0.713552,0.286448,,226800,,
0,0,,0.756052,0.243948,,225200,,
0,0,,0.718703,0.281297,,226800,,
0,0,,0.786885,0.213115,,224900,,
0,0,,0.713552,0.286448,,227200,,
0,0,,0.756052,0.243948,,226100,,
0,0,,0.717208,0.282792,,224100,,
0,0,,0.699385,0.300615,,231500,,
0,0,,0.718703,0.281297,,222100,,
0,0,,0.699385,0.300615,,224800,,
0,0,,0.758885,0.241115,,223100,,
0,0,,0.786885,0.213115,,223400,,
0,0,,0.758885,0.241115,,223900,,
0,0,,0.738737,0.261263,,228600,,
0,0,,0.786885,0.213115,,224000,,
0,0,,0.786885,0.213115,,223500,,
0,0,,0.786885,0.213115,,224300,,
0,0,,0.741885,0.258115,,223800,,
0,0,,0.758885,0.241115,,256100,,
0,0,,0.681171,0.318829,,228500,,
0,0,,0.756052,0.243948,,221800,,
0,0,,0.718703,0.281297,,222700,,
0,0,,0.717208,0.282792,,223600,,
0,0,,0.756052,0.243948,,222000,,
0,0,,0.758885,0.241115,,221400,,
1,0,,0.681171,0.318829,,223300,,
1,0,,0.681171,0.318829,,222200,,
1,0,,0.756052,0.243948,,223600,,
1,0,,0.786885,0.213115,,222200,,
1,0,,0.717208,0.282792,,221800,,
1,0,,0.758885,0.241115,,222300,,
1,0,,0.699385,0.300615,,223200,,
1,0,,0.681171,0.318829,,221500,,
1,0,,0.758885,0.241115,,221100,,
1,0,,0.713552,0.286448,,220800,,
1,0,,0.718703,0.281297,,225700,,
1,0,,0.681171,0.318829,,223800,,
1,0,,0.756052,0.243948,,222500,,
1,0,,0.756052,0.243948,,221500,,
1,0,,0.718703,0.281297,,222000,,
1,0,,0.717208,0.282792,,223000,,
1,0,,0.738737,0.261263,,223100,,