molecular-promoters,Rotf,test,4,NANOSECONDS,PREDICTIONS, Generated by ClassifierExperiments.java on 2022-05-16 12:46:03.    SYSTEMPROPERTIES:{user.name:matth,os.arch:amd64,os.name:Windows 10},ENDSYSTEMPROPERTIES
No parameter info
0.7272727272727273,487800,3600,-1,0,2,,-1,-1
0,1,,0.083333,0.916667,,900,,
0,0,,0.964286,0.035714,,200,,
0,0,,0.964286,0.035714,,200,,
0,0,,0.964286,0.035714,,200,,
0,1,,0.083333,0.916667,,100,,
0,0,,0.964286,0.035714,,100,,
0,0,,0.964286,0.035714,,100,,
0,1,,0.166667,0.833333,,100,,
0,0,,0.964286,0.035714,,100,,
0,1,,0.166667,0.833333,,100,,
0,0,,0.964286,0.035714,,100,,
1,1,,0.083333,0.916667,,100,,
1,1,,0.166667,0.833333,,100,,
1,0,,0.6,0.4,,500,,
1,1,,0.166667,0.833333,,100,,
1,1,,0.083333,0.916667,,100,,
1,0,,1,0,,100,,
1,1,,0.083333,0.916667,,100,,
1,1,,0.222222,0.777778,,100,,
1,1,,0.222222,0.777778,,100,,
1,1,,0.166667,0.833333,,0,,
1,1,,0.166667,0.833333,,100,,