molecular-promoters,Rotf,test,2,NANOSECONDS,PREDICTIONS, Generated by ClassifierExperiments.java on 2022-05-16 03:29:55.    SYSTEMPROPERTIES:{user.name:matth,os.arch:amd64,os.name:Windows 10},ENDSYSTEMPROPERTIES
No parameter info
0.7727272727272727,470600,4000,-1,0,2,,-1,-1
0,0,,0.965517,0.034483,,1500,,
0,0,,0.965517,0.034483,,200,,
0,0,,0.965517,0.034483,,100,,
0,0,,1,0,,200,,
0,1,,0.142857,0.857143,,100,,
0,0,,0.965517,0.034483,,100,,
0,0,,0.965517,0.034483,,100,,
0,0,,0.5,0.5,,300,,
0,0,,0.965517,0.034483,,100,,
0,0,,1,0,,200,,
0,0,,0.965517,0.034483,,100,,
1,0,,1,0,,200,,
1,1,,0.045455,0.954545,,100,,
1,0,,0.965517,0.034483,,0,,
1,1,,0.142857,0.857143,,0,,
1,1,,0,1,,100,,
1,0,,0.965517,0.034483,,100,,
1,0,,0.5,0.5,,200,,
1,1,,0.142857,0.857143,,100,,
1,1,,0.142857,0.857143,,100,,
1,1,,0.142857,0.857143,,0,,
1,1,,0.142857,0.857143,,100,,