molecular-promoters,Rotf,test,0,NANOSECONDS,PREDICTIONS, Generated by ClassifierExperiments.java on 2022-05-16 12:45:53.    SYSTEMPROPERTIES:{user.name:matth,os.arch:amd64,os.name:Windows 10},ENDSYSTEMPROPERTIES
No parameter info
0.6818181818181818,489800,4000,-1,0,2,,-1,-1
0,1,,0.076923,0.923077,,1000,,
0,0,,0.966667,0.033333,,300,,
0,0,,0.966667,0.033333,,100,,
0,1,,0.111111,0.888889,,200,,
0,1,,0.176471,0.823529,,100,,
0,1,,0,1,,200,,
0,0,,0.966667,0.033333,,100,,
0,0,,0.966667,0.033333,,0,,
0,1,,0.076923,0.923077,,0,,
0,1,,0.176471,0.823529,,100,,
0,0,,0.966667,0.033333,,100,,
1,1,,0.176471,0.823529,,0,,
1,1,,0.176471,0.823529,,0,,
1,1,,0.176471,0.823529,,100,,
1,1,,0.176471,0.823529,,0,,
1,1,,0.176471,0.823529,,0,,
1,1,,0.076923,0.923077,,100,,
1,0,,0.666667,0.333333,,1300,,
1,1,,0.076923,0.923077,,100,,
1,1,,0.111111,0.888889,,0,,
1,1,,0,1,,100,,
1,1,,0,1,,100,,