spect-heart,CWT_chi,test,3,NANOSECONDS,PREDICTIONS, Generated by ClassifierExperiments.java on 2022-05-15 19:29:32.    SYSTEMPROPERTIES:{user.name:matth,os.arch:amd64,os.name:Windows 10},ENDSYSTEMPROPERTIES
No parameter info
0.6296296296296297,2119800,8600,-1,0,2,,-1,-1
0,0,,1,0,,800,,
0,0,,1,0,,100,,
0,0,,1,0,,100,,
0,0,,1,0,,400,,
0,1,,0,1,,400,,
0,0,,1,0,,900,,
0,1,,0,1,,600,,
0,0,,1,0,,100,,
0,0,,1,0,,100,,
0,0,,0.5,0.5,,300,,
0,1,,0,1,,0,,
0,0,,0.555556,0.444444,,700,,
0,1,,0,1,,0,,
0,0,,1,0,,100,,
0,0,,1,0,,100,,
0,1,,0,1,,100,,
0,1,,0,1,,200,,
0,1,,0,1,,100,,
0,0,,0.894737,0.105263,,500,,
0,0,,1,0,,100,,
0,0,,0.894737,0.105263,,100,,
0,1,,0,1,,100,,
0,0,,1,0,,0,,
0,0,,1,0,,100,,
0,1,,0,1,,0,,
0,1,,0,1,,100,,
0,0,,0.894737,0.105263,,100,,
0,0,,1,0,,100,,
0,0,,1,0,,200,,
0,1,,0,1,,100,,
0,0,,1,0,,0,,
0,0,,0.894737,0.105263,,100,,
1,1,,0,1,,0,,
1,1,,0,1,,100,,
1,1,,0,1,,100,,
1,0,,1,0,,100,,
1,0,,1,0,,100,,
1,0,,1,0,,0,,
1,1,,0,1,,0,,
1,1,,0,1,,100,,
1,1,,0,1,,100,,
1,0,,1,0,,100,,
1,1,,0,1,,300,,
1,0,,0.894737,0.105263,,100,,
1,0,,1,0,,100,,
1,1,,0,1,,100,,
1,0,,1,0,,100,,
1,1,,0,1,,100,,
1,1,,0,1,,100,,
1,1,,0,1,,0,,
1,1,,0.333333,0.666667,,100,,
1,0,,1,0,,0,,
1,0,,1,0,,100,,
1,1,,0,1,,100,,