parkinsons,Tuned_CWT,test,2,NANOSECONDS,PREDICTIONS, Generated by ClassifierExperiments.java on 2022-05-16 02:11:57.    SYSTEMPROPERTIES:{user.name:matth,os.arch:amd64,os.name:Windows 10},ENDSYSTEMPROPERTIES
No parameter info
0.85,25505100,19716200,-1,20703440,2,,-1,-1
0,1,,0.259342,0.740658,,559000,,
0,0,,0.671278,0.328722,,501400,,
0,1,,0.240777,0.759223,,488700,,
0,0,,0.651056,0.348944,,494200,,
0,1,,0.397146,0.602854,,490200,,
0,0,,0.679889,0.320111,,491500,,
0,1,,0.150001,0.849999,,489000,,
0,0,,0.715056,0.284944,,491200,,
0,0,,0.706612,0.293388,,486100,,
0,0,,0.641751,0.358249,,493600,,
1,1,,0.154446,0.845554,,489300,,
1,1,,0.007949,0.992051,,516900,,
1,1,,0.136787,0.863213,,490400,,
1,1,,0.428834,0.571166,,492200,,
1,1,,0.045897,0.954103,,485000,,
1,1,,0.007949,0.992051,,489900,,
1,1,,0.251758,0.748242,,486000,,
1,1,,0.232601,0.767399,,488600,,
1,1,,0.429529,0.570471,,484500,,
1,1,,0.005897,0.994103,,488700,,
1,1,,0.18634,0.81366,,486800,,
1,0,,0.527409,0.472591,,490800,,
1,1,,0.080976,0.919024,,486700,,
1,1,,0.025897,0.974103,,502700,,
1,1,,0.068124,0.931876,,485600,,
1,1,,0.167473,0.832527,,522000,,
1,1,,0.018951,0.981049,,485900,,
1,1,,0.031612,0.968388,,487000,,
1,1,,0.229656,0.770344,,488500,,
1,1,,0.203028,0.796972,,487600,,
1,1,,0.489945,0.510055,,489500,,
1,1,,0.306202,0.693798,,487800,,
1,1,,0.071667,0.928333,,492900,,
1,1,,0.031612,0.968388,,487100,,
1,0,,0.591723,0.408277,,490900,,
1,1,,0.045897,0.954103,,485900,,
1,1,,0.169473,0.830527,,489900,,
1,1,,0.033663,0.966337,,492300,,
1,1,,0.084726,0.915274,,491500,,
1,1,,0.407529,0.592471,,488400,,