parkinsons,Tuned_CWT,test,0,NANOSECONDS,PREDICTIONS, Generated by ClassifierExperiments.java on 2022-05-16 02:08:00.    SYSTEMPROPERTIES:{user.name:matth,os.arch:amd64,os.name:Windows 10},ENDSYSTEMPROPERTIES
No parameter info
0.875,26553800,20353000,-1,21559544,2,,-1,-1
0,0,,0.542094,0.457906,,570000,,
0,1,,0.307165,0.692835,,514200,,
0,1,,0.19869,0.80131,,507000,,
0,0,,0.501757,0.498243,,509800,,
0,0,,0.641851,0.358149,,505400,,
0,1,,0.251557,0.748443,,509000,,
0,0,,0.616974,0.383026,,514200,,
0,1,,0.344279,0.655721,,510200,,
0,1,,0.248197,0.751803,,508800,,
0,0,,0.609851,0.390149,,508600,,
1,1,,0.410116,0.589884,,510000,,
1,1,,0.096444,0.903556,,556200,,
1,1,,0.063556,0.936444,,504600,,
1,1,,0.10146,0.89854,,505400,,
1,1,,0.026667,0.973333,,505400,,
1,1,,0.217237,0.782763,,504500,,
1,1,,0.096889,0.903111,,504700,,
1,1,,0.119204,0.880796,,502800,,
1,1,,0.146778,0.853222,,507600,,
1,1,,0.074667,0.925333,,500000,,
1,1,,0.026667,0.973333,,502600,,
1,1,,0.06,0.94,,499500,,
1,1,,0.167459,0.832541,,503900,,
1,1,,0.053333,0.946667,,502300,,
1,1,,0.070222,0.929778,,515600,,
1,1,,0.034667,0.965333,,508800,,
1,1,,0.096889,0.903111,,503700,,
1,1,,0.086997,0.913003,,506800,,
1,1,,0.006667,0.993333,,506400,,
1,1,,0.026667,0.973333,,502800,,
1,1,,0.270651,0.729349,,511900,,
1,1,,0.105871,0.894129,,501000,,
1,1,,0.154778,0.845222,,501800,,
1,1,,0.046667,0.953333,,500900,,
1,1,,0.050222,0.949778,,502000,,
1,1,,0.096889,0.903111,,500600,,
1,1,,0.128111,0.871889,,509500,,
1,1,,0.082222,0.917778,,504800,,
1,1,,0.228742,0.771258,,505400,,
1,1,,0.151982,0.848018,,504300,,