spect-heart,CWT_gini,test,2,NANOSECONDS,PREDICTIONS, Generated by ClassifierExperiments.java on 2022-05-15 19:29:14.    SYSTEMPROPERTIES:{user.name:matth,os.arch:amd64,os.name:Windows 10},ENDSYSTEMPROPERTIES
No parameter info
0.6666666666666666,1923900,9900,-1,22893424,2,,-1,-1
0,1,,0,1,,900,,
0,0,,1,0,,200,,
0,1,,0,1,,800,,
0,0,,0.823529,0.176471,,1300,,
0,0,,0.823529,0.176471,,200,,
0,0,,1,0,,200,,
0,1,,0,1,,300,,
0,0,,1,0,,200,,
0,0,,1,0,,100,,
0,0,,1,0,,100,,
0,0,,1,0,,400,,
0,0,,1,0,,100,,
0,0,,0.823529,0.176471,,100,,
0,0,,1,0,,700,,
0,1,,0,1,,400,,
0,1,,0,1,,100,,
0,0,,1,0,,0,,
0,1,,0,1,,100,,
0,0,,1,0,,100,,
0,0,,0.555556,0.444444,,300,,
0,1,,0,1,,100,,
0,0,,1,0,,200,,
0,0,,0.823529,0.176471,,100,,
0,0,,1,0,,100,,
0,1,,0,1,,100,,
0,0,,1,0,,100,,
0,1,,0,1,,100,,
0,0,,1,0,,100,,
0,0,,0.823529,0.176471,,100,,
0,0,,1,0,,0,,
0,0,,1,0,,100,,
0,0,,1,0,,100,,
1,1,,0,1,,100,,
1,1,,0,1,,100,,
1,0,,1,0,,100,,
1,0,,1,0,,100,,
1,0,,1,0,,100,,
1,0,,1,0,,100,,
1,0,,1,0,,100,,
1,1,,0,1,,100,,
1,1,,0,1,,100,,
1,1,,0,1,,0,,
1,1,,0,1,,200,,
1,1,,0,1,,0,,
1,1,,0,1,,100,,
1,1,,0,1,,300,,
1,1,,0,1,,100,,
1,0,,1,0,,100,,
1,1,,0,1,,100,,
1,0,,1,0,,0,,
1,0,,1,0,,0,,
1,0,,1,0,,200,,
1,1,,0,1,,100,,
1,1,,0,1,,0,,