vertebral-column-3clases,CWT_ig,test,1,NANOSECONDS,PREDICTIONS, Generated by ClassifierExperiments.java on 2022-05-15 19:49:00.    SYSTEMPROPERTIES:{user.name:matth,os.arch:amd64,os.name:Windows 10},ENDSYSTEMPROPERTIES
No parameter info
0.7096774193548387,507700,7200,-1,19470352,3,,-1,-1
0,2,,0,0,1,,1500,,
0,0,,0.532258,0.467742,0,,100,,
0,2,,0,0,1,,100,,
0,2,,0,0,1,,100,,
0,2,,0,0,1,,100,,
0,2,,0,0,1,,100,,
0,0,,0.532258,0.467742,0,,100,,
0,2,,0,0,1,,200,,
0,2,,0,0,1,,100,,
0,1,,0,1,0,,300,,
0,0,,0.532258,0.467742,0,,100,,
0,0,,0.532258,0.467742,0,,100,,
1,1,,0,1,0,,100,,
1,1,,0,1,0,,100,,
1,1,,0,1,0,,100,,
1,0,,0.532258,0.467742,0,,100,,
1,0,,0.532258,0.467742,0,,100,,
1,1,,0,1,0,,100,,
1,0,,0.6,0.4,0,,100,,
1,1,,0,1,0,,100,,
1,1,,0,1,0,,100,,
1,1,,0,1,0,,100,,
1,2,,0,0,1,,100,,
1,0,,0.532258,0.467742,0,,100,,
1,2,,0,0,1,,100,,
1,2,,0,0,1,,100,,
1,1,,0,1,0,,100,,
1,2,,0,0,1,,100,,
1,0,,0.532258,0.467742,0,,100,,
1,2,,0,0,1,,100,,
1,1,,0,1,0,,100,,
1,1,,0,1,0,,100,,
2,2,,0,0,1,,0,,
2,2,,0,0,1,,100,,
2,2,,0,0,1,,100,,
2,2,,0,0,1,,100,,
2,2,,0,0,1,,100,,
2,2,,0,0,1,,100,,
2,2,,0,0,1,,100,,
2,2,,0,0,1,,100,,
2,2,,0,0,1,,0,,
2,2,,0,0,1,,100,,
2,2,,0,0,1,,100,,
2,2,,0,0,1,,100,,
2,2,,0,0,1,,100,,
2,2,,0,0,1,,100,,
2,2,,0,0,1,,0,,
2,2,,0,0,1,,100,,
2,2,,0,0,1,,0,,
2,2,,0,0,1,,100,,
2,2,,0,0,1,,100,,
2,2,,0,0,1,,100,,
2,2,,0,0,1,,0,,
2,2,,0,0,1,,100,,
2,2,,0,0,1,,100,,
2,2,,0,0,1,,0,,
2,2,,0,0,1,,100,,
2,2,,0,0,1,,0,,
2,2,,0,0,1,,100,,
2,2,,0,0,1,,100,,
2,2,,0,0,1,,100,,
2,2,,0,0,1,,100,,