monks-3,CWT_ratio,test,0,NANOSECONDS,PREDICTIONS, Generated by ClassifierExperiments.java on 2022-05-15 19:28:49.    SYSTEMPROPERTIES:{user.name:matth,os.arch:amd64,os.name:Windows 10},ENDSYSTEMPROPERTIES
No parameter info
0.9821428571428571,399400,7000,-1,17700184,2,,-1,-1
0,0,,1,0,,800,,
0,0,,1,0,,100,,
0,0,,1,0,,0,,
0,0,,1,0,,0,,
0,0,,1,0,,0,,
0,0,,1,0,,0,,
0,0,,1,0,,0,,
0,0,,1,0,,100,,
0,0,,1,0,,200,,
0,0,,0.666667,0.333333,,300,,
0,0,,1,0,,0,,
0,0,,1,0,,100,,
0,0,,1,0,,0,,
0,0,,1,0,,0,,
0,0,,0.666667,0.333333,,100,,
0,0,,1,0,,100,,
0,0,,1,0,,0,,
0,0,,1,0,,0,,
0,0,,1,0,,100,,
0,0,,1,0,,0,,
0,0,,1,0,,0,,
0,0,,1,0,,0,,
0,0,,1,0,,0,,
0,0,,1,0,,0,,
0,0,,1,0,,0,,
0,0,,1,0,,0,,
0,0,,1,0,,0,,
0,0,,1,0,,0,,
0,0,,1,0,,0,,
0,0,,1,0,,0,,
0,0,,1,0,,0,,
0,0,,1,0,,0,,
0,0,,1,0,,0,,
0,0,,1,0,,0,,
0,0,,1,0,,100,,
0,0,,1,0,,100,,
0,0,,1,0,,100,,
0,0,,1,0,,100,,
0,0,,1,0,,0,,
0,0,,1,0,,100,,
0,1,,0,1,,100,,
0,0,,1,0,,100,,
0,0,,1,0,,100,,
0,0,,1,0,,100,,
0,0,,1,0,,100,,
0,0,,1,0,,100,,
0,0,,1,0,,100,,
0,0,,1,0,,100,,
0,0,,1,0,,100,,
0,0,,1,0,,100,,
0,1,,0,1,,200,,
0,0,,1,0,,100,,
0,0,,1,0,,100,,
0,0,,1,0,,100,,
1,1,,0,1,,100,,
1,1,,0,1,,300,,
1,1,,0,1,,100,,
1,1,,0,1,,100,,
1,1,,0,1,,100,,
1,1,,0,1,,100,,
1,1,,0,1,,100,,
1,1,,0,1,,100,,
1,1,,0,1,,100,,
1,1,,0,1,,100,,
1,1,,0,1,,0,,
1,1,,0,1,,100,,
1,1,,0,1,,100,,
1,1,,0,1,,100,,
1,1,,0,1,,0,,
1,1,,0,1,,0,,
1,1,,0,1,,0,,
1,1,,0,1,,0,,
1,1,,0,1,,0,,
1,1,,0,1,,0,,
1,1,,0,1,,0,,
1,1,,0,1,,0,,
1,1,,0,1,,0,,
1,1,,0,1,,0,,
1,1,,0,1,,0,,
1,1,,0,1,,100,,
1,1,,0,1,,0,,
1,1,,0.25,0.75,,0,,
1,1,,0,1,,0,,
1,1,,0,1,,0,,
1,1,,0,1,,0,,
1,1,,0,1,,0,,
1,1,,0,1,,100,,
1,1,,0,1,,100,,
1,1,,0,1,,100,,
1,1,,0,1,,0,,
1,1,,0,1,,0,,
1,1,,0,1,,0,,
1,1,,0,1,,100,,
1,1,,0,1,,100,,
1,1,,0,1,,100,,
1,1,,0,1,,100,,
1,1,,0,1,,100,,
1,1,,0,1,,100,,
1,1,,0,1,,100,,
1,1,,0,1,,100,,
1,1,,0,1,,100,,
1,1,,0,1,,100,,
1,1,,0.25,0.75,,100,,
1,1,,0,1,,0,,
1,1,,0,1,,0,,
1,1,,0,1,,0,,
1,1,,0,1,,0,,
1,1,,0,1,,0,,
1,1,,0,1,,0,,
1,1,,0,1,,0,,
1,1,,0,1,,100,,
1,1,,0,1,,0,,