monks-1,CWT_gini,test,2,NANOSECONDS,PREDICTIONS, Generated by ClassifierExperiments.java on 2022-05-15 19:29:13.    SYSTEMPROPERTIES:{user.name:matth,os.arch:amd64,os.name:Windows 10},ENDSYSTEMPROPERTIES
No parameter info
0.7946428571428571,698900,10200,-1,20762128,2,,-1,-1
0,0,,1,0,,1000,,
0,0,,0.75,0.25,,700,,
0,0,,1,0,,100,,
0,0,,0.666667,0.333333,,300,,
0,0,,0.5,0.5,,300,,
0,0,,1,0,,100,,
0,0,,0.5,0.5,,400,,
0,0,,0.5,0.5,,400,,
0,0,,0.5,0.5,,300,,
0,0,,0.666667,0.333333,,100,,
0,0,,1,0,,0,,
0,0,,0.5,0.5,,100,,
0,0,,1,0,,0,,
0,0,,1,0,,0,,
0,0,,1,0,,100,,
0,0,,0.75,0.25,,100,,
0,0,,0.5,0.5,,100,,
0,0,,0.666667,0.333333,,400,,
0,0,,1,0,,100,,
0,0,,0.5,0.5,,100,,
0,0,,0.5,0.5,,0,,
0,0,,1,0,,0,,
0,0,,1,0,,0,,
0,0,,1,0,,100,,
0,1,,0.333333,0.666667,,100,,
0,1,,0.333333,0.666667,,200,,
0,0,,0.5,0.5,,0,,
0,0,,0.5,0.5,,200,,
0,0,,0.5,0.5,,100,,
0,0,,1,0,,100,,
0,0,,1,0,,0,,
0,0,,1,0,,0,,
0,0,,0.666667,0.333333,,0,,
0,0,,0.5,0.5,,0,,
0,0,,1,0,,100,,
0,0,,0.5,0.5,,0,,
0,1,,0.333333,0.666667,,0,,
0,0,,0.5,0.5,,100,,
0,0,,0.5,0.5,,200,,
0,0,,1,0,,0,,
0,0,,1,0,,0,,
0,0,,0.5,0.5,,0,,
0,0,,0.666667,0.333333,,0,,
0,0,,1,0,,0,,
0,0,,1,0,,100,,
0,0,,1,0,,100,,
0,0,,1,0,,100,,
0,0,,0.75,0.25,,300,,
0,0,,1,0,,100,,
0,0,,0.666667,0.333333,,100,,
0,0,,0.5,0.5,,0,,
0,1,,0.333333,0.666667,,0,,
0,0,,0.5,0.5,,100,,
0,0,,0.5,0.5,,100,,
0,0,,1,0,,100,,
0,0,,1,0,,100,,
1,0,,0.666667,0.333333,,100,,
1,1,,0,1,,100,,
1,0,,0.666667,0.333333,,0,,
1,0,,0.666667,0.333333,,100,,
1,1,,0,1,,100,,
1,1,,0,1,,0,,
1,0,,1,0,,100,,
1,1,,0,1,,100,,
1,1,,0,1,,100,,
1,1,,0,1,,0,,
1,0,,1,0,,100,,
1,1,,0,1,,100,,
1,0,,0.75,0.25,,100,,
1,0,,1,0,,100,,
1,1,,0,1,,0,,
1,1,,0,1,,100,,
1,1,,0,1,,100,,
1,1,,0,1,,100,,
1,1,,0,1,,100,,
1,1,,0,1,,0,,
1,1,,0,1,,0,,
1,1,,0,1,,0,,
1,1,,0,1,,0,,
1,1,,0,1,,0,,
1,0,,0.666667,0.333333,,100,,
1,0,,1,0,,100,,
1,1,,0,1,,100,,
1,1,,0,1,,100,,
1,1,,0,1,,100,,
1,1,,0,1,,0,,
1,0,,1,0,,100,,
1,1,,0,1,,100,,
1,0,,1,0,,100,,
1,0,,1,0,,0,,
1,1,,0,1,,0,,
1,1,,0,1,,0,,
1,0,,1,0,,0,,
1,1,,0,1,,0,,
1,0,,1,0,,0,,
1,1,,0,1,,0,,
1,1,,0,1,,0,,
1,1,,0,1,,0,,
1,1,,0,1,,0,,
1,0,,1,0,,0,,
1,1,,0,1,,0,,
1,1,,0,1,,0,,
1,1,,0,1,,0,,
1,0,,1,0,,0,,
1,0,,0.666667,0.333333,,100,,
1,1,,0,1,,100,,
1,1,,0,1,,100,,
1,0,,1,0,,100,,
1,1,,0,1,,100,,
1,1,,0,1,,100,,
1,0,,1,0,,100,,
1,1,,0,1,,100,,