monks-1,CWT_gini,test,4,NANOSECONDS,PREDICTIONS, Generated by ClassifierExperiments.java on 2022-05-15 19:29:20.    SYSTEMPROPERTIES:{user.name:matth,os.arch:amd64,os.name:Windows 10},ENDSYSTEMPROPERTIES
No parameter info
0.75,653300,9500,-1,0,2,,-1,-1
0,0,,1,0,,500,,
0,0,,1,0,,300,,
0,0,,0.666667,0.333333,,100,,
0,0,,0.5,0.5,,100,,
0,0,,0.666667,0.333333,,100,,
0,0,,0.5,0.5,,200,,
0,0,,1,0,,0,,
0,0,,0.5,0.5,,100,,
0,1,,0,1,,100,,
0,1,,0.333333,0.666667,,100,,
0,0,,1,0,,0,,
0,0,,0.5,0.5,,100,,
0,0,,1,0,,100,,
0,0,,0.666667,0.333333,,100,,
0,0,,1,0,,0,,
0,0,,0.5,0.5,,2200,,
0,0,,1,0,,100,,
0,0,,0.666667,0.333333,,100,,
0,0,,0.5,0.5,,0,,
0,0,,0.5,0.5,,0,,
0,0,,1,0,,100,,
0,0,,0.666667,0.333333,,100,,
0,0,,0.666667,0.333333,,100,,
0,0,,0.666667,0.333333,,100,,
0,0,,0.666667,0.333333,,100,,
0,0,,0.6,0.4,,100,,
0,1,,0.333333,0.666667,,100,,
0,0,,0.666667,0.333333,,0,,
0,1,,0,1,,0,,
0,0,,0.5,0.5,,100,,
0,0,,0.5,0.5,,0,,
0,0,,1,0,,0,,
0,0,,0.75,0.25,,0,,
0,1,,0.333333,0.666667,,100,,
0,0,,0.6,0.4,,100,,
0,0,,1,0,,100,,
0,0,,1,0,,100,,
0,1,,0,1,,100,,
0,0,,1,0,,100,,
0,0,,0.5,0.5,,100,,
0,0,,1,0,,0,,
0,0,,0.5,0.5,,100,,
0,0,,0.5,0.5,,200,,
0,0,,1,0,,100,,
0,0,,1,0,,0,,
0,0,,0.5,0.5,,100,,
0,0,,1,0,,100,,
0,0,,0.5,0.5,,100,,
0,0,,0.666667,0.333333,,100,,
0,0,,0.75,0.25,,0,,
0,0,,1,0,,0,,
0,1,,0.333333,0.666667,,0,,
0,0,,0.666667,0.333333,,100,,
0,0,,1,0,,100,,
0,1,,0.333333,0.666667,,100,,
0,1,,0,1,,100,,
1,0,,0.666667,0.333333,,0,,
1,1,,0,1,,0,,
1,0,,1,0,,100,,
1,1,,0,1,,0,,
1,0,,1,0,,100,,
1,1,,0,1,,100,,
1,1,,0,1,,100,,
1,1,,0,1,,0,,
1,1,,0,1,,100,,
1,0,,0.666667,0.333333,,200,,
1,1,,0,1,,100,,
1,0,,0.666667,0.333333,,0,,
1,1,,0,1,,0,,
1,1,,0,1,,0,,
1,1,,0,1,,0,,
1,1,,0,1,,100,,
1,1,,0,1,,0,,
1,0,,1,0,,100,,
1,0,,0.75,0.25,,0,,
1,0,,1,0,,100,,
1,1,,0,1,,100,,
1,1,,0,1,,100,,
1,0,,0.666667,0.333333,,100,,
1,0,,1,0,,100,,
1,1,,0,1,,0,,
1,0,,1,0,,100,,
1,1,,0,1,,0,,
1,1,,0,1,,0,,
1,0,,1,0,,100,,
1,0,,1,0,,100,,
1,0,,1,0,,100,,
1,1,,0,1,,100,,
1,1,,0,1,,0,,
1,0,,1,0,,0,,
1,1,,0,1,,0,,
1,1,,0,1,,100,,
1,1,,0,1,,0,,
1,1,,0,1,,0,,
1,1,,0,1,,0,,
1,1,,0,1,,0,,
1,1,,0,1,,0,,
1,1,,0,1,,0,,
1,1,,0,1,,0,,
1,1,,0,1,,0,,
1,0,,0.666667,0.333333,,100,,
1,1,,0,1,,0,,
1,1,,0,1,,0,,
1,1,,0,1,,100,,
1,1,,0,1,,0,,
1,1,,0,1,,0,,
1,0,,1,0,,100,,
1,0,,1,0,,0,,
1,1,,0,1,,0,,
1,0,,1,0,,100,,
1,1,,0,1,,0,,
1,1,,0,1,,0,,