planning,CWE,test,3,NANOSECONDS,PREDICTIONS, Generated by ClassifierExperiments.java on 2022-05-16 02:35:52.    SYSTEMPROPERTIES:{user.name:matth,os.arch:amd64,os.name:Windows 10},ENDSYSTEMPROPERTIES
CourseworkTree,BESTPARAS:{S: gini, D: 1, },SPACE:{,	S: [ gain, ratio, gini, chi, ],	D: [ 1, 2, 4, 8, 16, 32, 64, unlimited, ],}
0.7027027027027027,1047300,4100,-1,26929256,2,,-1,-1
0,0,,0.794521,0.205479,,1600,,
0,0,,0.794521,0.205479,,100,,
0,0,,0.794521,0.205479,,0,,
0,0,,0.794521,0.205479,,100,,
0,0,,0.638889,0.361111,,100,,
0,0,,0.638889,0.361111,,100,,
0,0,,0.638889,0.361111,,100,,
0,0,,0.638889,0.361111,,100,,
0,0,,0.638889,0.361111,,0,,
0,0,,0.794521,0.205479,,0,,
0,0,,0.794521,0.205479,,100,,
0,0,,0.638889,0.361111,,1300,,
0,0,,0.794521,0.205479,,100,,
0,0,,0.638889,0.361111,,100,,
0,0,,0.638889,0.361111,,0,,
0,0,,0.794521,0.205479,,0,,
0,0,,0.638889,0.361111,,0,,
0,0,,0.794521,0.205479,,0,,
0,0,,0.638889,0.361111,,0,,
0,0,,0.794521,0.205479,,0,,
0,0,,0.638889,0.361111,,0,,
0,0,,0.638889,0.361111,,0,,
0,0,,0.794521,0.205479,,0,,
0,0,,0.638889,0.361111,,0,,
0,0,,0.638889,0.361111,,0,,
0,0,,0.638889,0.361111,,0,,
1,0,,0.794521,0.205479,,0,,
1,0,,0.794521,0.205479,,0,,
1,0,,0.794521,0.205479,,0,,
1,0,,0.638889,0.361111,,0,,
1,0,,0.794521,0.205479,,100,,
1,0,,0.794521,0.205479,,100,,
1,0,,0.638889,0.361111,,100,,
1,0,,0.638889,0.361111,,0,,
1,0,,0.794521,0.205479,,0,,
1,0,,0.638889,0.361111,,0,,
1,0,,0.794521,0.205479,,0,,