spect-heart,CWT_ratio,test,0,NANOSECONDS,PREDICTIONS, Generated by ClassifierExperiments.java on 2022-05-15 19:28:50.    SYSTEMPROPERTIES:{user.name:matth,os.arch:amd64,os.name:Windows 10},ENDSYSTEMPROPERTIES
No parameter info
0.6851851851851852,2745200,7700,-1,22062584,2,,-1,-1
0,0,,1,0,,1500,,
0,0,,1,0,,200,,
0,0,,1,0,,0,,
0,0,,0.947368,0.052632,,600,,
0,0,,1,0,,100,,
0,1,,0,1,,200,,
0,1,,0,1,,200,,
0,0,,1,0,,0,,
0,0,,1,0,,300,,
0,0,,1,0,,0,,
0,0,,1,0,,100,,
0,0,,1,0,,200,,
0,0,,1,0,,100,,
0,0,,1,0,,100,,
0,0,,0.947368,0.052632,,0,,
0,0,,0.947368,0.052632,,100,,
0,1,,0,1,,100,,
0,0,,1,0,,0,,
0,0,,1,0,,100,,
0,0,,0.947368,0.052632,,100,,
0,1,,0,1,,0,,
0,0,,1,0,,100,,
0,0,,1,0,,0,,
0,0,,0.947368,0.052632,,100,,
0,0,,0.625,0.375,,600,,
0,1,,0,1,,100,,
0,0,,1,0,,0,,
0,0,,1,0,,100,,
0,0,,1,0,,100,,
0,0,,1,0,,300,,
0,0,,0.947368,0.052632,,100,,
0,1,,0,1,,100,,
1,0,,0.947368,0.052632,,100,,
1,1,,0,1,,100,,
1,1,,0,1,,0,,
1,0,,1,0,,100,,
1,0,,1,0,,100,,
1,0,,1,0,,100,,
1,1,,0,1,,100,,
1,0,,1,0,,200,,
1,0,,1,0,,100,,
1,1,,0,1,,100,,
1,0,,0.5,0.5,,100,,
1,1,,0,1,,0,,
1,0,,1,0,,100,,
1,0,,1,0,,100,,
1,1,,0,1,,0,,
1,1,,0,1,,100,,
1,1,,0,1,,100,,
1,0,,0.947368,0.052632,,100,,
1,1,,0,1,,100,,
1,1,,0,1,,100,,
1,0,,0.625,0.375,,200,,
1,1,,0,1,,100,,