spect-heart,CWT_ratio,test,3,NANOSECONDS,PREDICTIONS, Generated by ClassifierExperiments.java on 2022-05-15 19:29:00.    SYSTEMPROPERTIES:{user.name:matth,os.arch:amd64,os.name:Windows 10},ENDSYSTEMPROPERTIES
No parameter info
0.6481481481481481,2759900,6800,-1,22209128,2,,-1,-1
0,0,,1,0,,800,,
0,0,,1,0,,100,,
0,0,,1,0,,0,,
0,0,,1,0,,0,,
0,1,,0,1,,100,,
0,1,,0,1,,400,,
0,0,,1,0,,100,,
0,0,,1,0,,0,,
0,0,,1,0,,100,,
0,0,,0.5,0.5,,600,,
0,1,,0,1,,100,,
0,0,,0.555556,0.444444,,200,,
0,0,,0.5,0.5,,100,,
0,0,,1,0,,100,,
0,0,,1,0,,100,,
0,1,,0,1,,0,,
0,1,,0,1,,100,,
0,0,,1,0,,100,,
0,0,,0.894737,0.105263,,200,,
0,0,,1,0,,200,,
0,0,,0.894737,0.105263,,200,,
0,1,,0,1,,0,,
0,1,,0,1,,100,,
0,0,,1,0,,100,,
0,0,,1,0,,100,,
0,1,,0,1,,200,,
0,0,,0.894737,0.105263,,200,,
0,0,,1,0,,0,,
0,0,,1,0,,100,,
0,1,,0,1,,100,,
0,0,,1,0,,100,,
0,0,,0.894737,0.105263,,100,,
1,0,,1,0,,100,,
1,1,,0,1,,0,,
1,1,,0,1,,100,,
1,0,,1,0,,100,,
1,0,,1,0,,100,,
1,0,,1,0,,100,,
1,1,,0,1,,0,,
1,1,,0,1,,100,,
1,1,,0,1,,200,,
1,0,,1,0,,0,,
1,1,,0,1,,400,,
1,0,,0.894737,0.105263,,200,,
1,0,,1,0,,100,,
1,1,,0,1,,100,,
1,0,,1,0,,0,,
1,1,,0,1,,100,,
1,1,,0,1,,0,,
1,1,,0,1,,100,,
1,1,,0.333333,0.666667,,100,,
1,0,,1,0,,100,,
1,0,,1,0,,100,,
1,1,,0,1,,0,,