fertility,Randf,test,3,NANOSECONDS,PREDICTIONS, Generated by ClassifierExperiments.java on 2022-05-16 03:29:46.    SYSTEMPROPERTIES:{user.name:matth,os.arch:amd64,os.name:Windows 10},ENDSYSTEMPROPERTIES
No parameter info
0.8095238095238095,47600,28800,-1,0,2,,-1,-1
0,0,,0.92661,0.07339,,2900,,
0,0,,0.913931,0.086069,,1500,,
0,0,,0.978046,0.021954,,1300,,
0,0,,0.970622,0.029378,,1400,,
0,0,,0.995587,0.004413,,1300,,
0,0,,0.960705,0.039295,,1300,,
0,0,,0.911691,0.088309,,1300,,
0,0,,0.986679,0.013321,,1300,,
0,0,,0.819931,0.180069,,1200,,
0,0,,0.98616,0.01384,,1300,,
0,0,,0.984786,0.015214,,1300,,
0,0,,0.952697,0.047303,,1300,,
0,0,,0.976357,0.023643,,1200,,
0,0,,0.516702,0.483298,,1200,,
0,0,,0.923256,0.076744,,1300,,
0,0,,0.987523,0.012477,,1300,,
0,1,,0.223986,0.776014,,1300,,
0,0,,0.908764,0.091236,,1300,,
1,0,,0.969753,0.030247,,1300,,
1,0,,0.952518,0.047482,,1200,,
1,0,,0.961392,0.038608,,1300,,