fertility,Randf,test,2,NANOSECONDS,PREDICTIONS, Generated by ClassifierExperiments.java on 2022-05-16 12:45:48.    SYSTEMPROPERTIES:{user.name:matth,os.arch:amd64,os.name:Windows 10},ENDSYSTEMPROPERTIES
No parameter info
0.8095238095238095,39400,19900,-1,0,2,,-1,-1
0,1,,0.191575,0.808425,,2200,,
0,0,,0.978668,0.021332,,1100,,
0,0,,0.667662,0.332338,,1000,,
0,0,,0.974698,0.025302,,800,,
0,0,,0.982913,0.017087,,900,,
0,0,,0.920732,0.079268,,800,,
0,0,,0.970906,0.029094,,900,,
0,0,,0.962226,0.037774,,800,,
0,0,,0.97361,0.02639,,900,,
0,0,,0.985498,0.014502,,800,,
0,0,,0.992475,0.007525,,800,,
0,0,,0.501121,0.498879,,800,,
0,0,,0.993673,0.006327,,900,,
0,0,,0.698969,0.301031,,900,,
0,0,,0.989753,0.010247,,900,,
0,0,,0.973406,0.026594,,800,,
0,0,,0.887111,0.112889,,900,,
0,0,,0.652557,0.347443,,1100,,
1,0,,0.927926,0.072074,,800,,
1,0,,0.970099,0.029901,,900,,
1,0,,0.961734,0.038266,,900,,