fertility,Randf,test,4,NANOSECONDS,PREDICTIONS, Generated by ClassifierExperiments.java on 2022-05-16 03:29:47.    SYSTEMPROPERTIES:{user.name:matth,os.arch:amd64,os.name:Windows 10},ENDSYSTEMPROPERTIES
No parameter info
0.8571428571428571,35400,20000,-1,0,2,,-1,-1
0,0,,0.951832,0.048168,,1600,,
0,0,,0.965717,0.034283,,1100,,
0,0,,0.84312,0.15688,,1100,,
0,0,,0.974795,0.025205,,1000,,
0,0,,0.992007,0.007993,,800,,
0,0,,0.981235,0.018765,,900,,
0,0,,0.563022,0.436978,,800,,
0,0,,0.946178,0.053822,,900,,
0,1,,0.388116,0.611884,,900,,
0,0,,0.959955,0.040045,,900,,
0,0,,0.964252,0.035748,,900,,
0,0,,0.939945,0.060055,,900,,
0,0,,0.95228,0.04772,,800,,
0,0,,0.545877,0.454123,,900,,
0,0,,0.968241,0.031759,,900,,
0,0,,0.976447,0.023553,,900,,
0,0,,0.987646,0.012354,,900,,
0,0,,0.898397,0.101603,,1000,,
1,1,,0.435508,0.564492,,1000,,
1,0,,0.969835,0.030165,,900,,
1,0,,0.9426,0.0574,,900,,