fertility,Randf,test,3,NANOSECONDS,PREDICTIONS, Generated by ClassifierExperiments.java on 2022-05-16 12:45:49.    SYSTEMPROPERTIES:{user.name:matth,os.arch:amd64,os.name:Windows 10},ENDSYSTEMPROPERTIES
No parameter info
0.8095238095238095,48900,19700,-1,0,2,,-1,-1
0,0,,0.92661,0.07339,,2000,,
0,0,,0.913931,0.086069,,1100,,
0,0,,0.978046,0.021954,,900,,
0,0,,0.970622,0.029378,,900,,
0,0,,0.995587,0.004413,,900,,
0,0,,0.960705,0.039295,,800,,
0,0,,0.911691,0.088309,,900,,
0,0,,0.986679,0.013321,,800,,
0,0,,0.819931,0.180069,,900,,
0,0,,0.98616,0.01384,,900,,
0,0,,0.984786,0.015214,,900,,
0,0,,0.952697,0.047303,,800,,
0,0,,0.976357,0.023643,,900,,
0,0,,0.516702,0.483298,,800,,
0,0,,0.923256,0.076744,,900,,
0,0,,0.987523,0.012477,,900,,
0,1,,0.223986,0.776014,,900,,
0,0,,0.908764,0.091236,,900,,
1,0,,0.969753,0.030247,,900,,
1,0,,0.952518,0.047482,,800,,
1,0,,0.961392,0.038608,,900,,