spect-heart,CWT_ig,test,4,NANOSECONDS,PREDICTIONS, Generated by ClassifierExperiments.java on 2022-05-15 19:28:47.    SYSTEMPROPERTIES:{user.name:matth,os.arch:amd64,os.name:Windows 10},ENDSYSTEMPROPERTIES
No parameter info
0.6296296296296297,2459300,8000,-1,21478728,2,,-1,-1
0,0,,0.888889,0.111111,,1800,,
0,1,,0,1,,300,,
0,0,,0.625,0.375,,900,,
0,1,,0,1,,100,,
0,0,,1,0,,100,,
0,0,,1,0,,300,,
0,0,,0.625,0.375,,200,,
0,1,,0,1,,100,,
0,1,,0,1,,200,,
0,0,,1,0,,0,,
0,0,,0.888889,0.111111,,100,,
0,1,,0,1,,0,,
0,1,,0,1,,200,,
0,0,,1,0,,600,,
0,1,,0,1,,200,,
0,0,,1,0,,100,,
0,0,,1,0,,100,,
0,0,,1,0,,0,,
0,1,,0,1,,100,,
0,1,,0,1,,200,,
0,0,,1,0,,100,,
0,0,,1,0,,100,,
0,0,,1,0,,100,,
0,1,,0,1,,100,,
0,0,,1,0,,100,,
0,1,,0,1,,0,,
0,0,,1,0,,100,,
0,0,,1,0,,200,,
0,1,,0,1,,100,,
0,1,,0,1,,100,,
0,0,,0.888889,0.111111,,100,,
0,0,,1,0,,0,,
1,0,,1,0,,100,,
1,0,,0.625,0.375,,100,,
1,1,,0,1,,0,,
1,1,,0,1,,100,,
1,1,,0,1,,100,,
1,1,,0,1,,0,,
1,1,,0,1,,100,,
1,0,,1,0,,100,,
1,1,,0,1,,100,,
1,1,,0,1,,100,,
1,1,,0,1,,0,,
1,0,,0.888889,0.111111,,100,,
1,0,,1,0,,0,,
1,1,,0,1,,100,,
1,1,,0,1,,0,,
1,1,,0,1,,0,,
1,0,,1,0,,100,,
1,1,,0,1,,0,,
1,1,,0,1,,0,,
1,1,,0,1,,100,,
1,1,,0,1,,100,,
1,0,,1,0,,0,,