spect-heart,CWT_ig,test,3,NANOSECONDS,PREDICTIONS, Generated by ClassifierExperiments.java on 2022-05-15 19:28:44.    SYSTEMPROPERTIES:{user.name:matth,os.arch:amd64,os.name:Windows 10},ENDSYSTEMPROPERTIES
No parameter info
0.6851851851851852,2660500,10800,-1,21468064,2,,-1,-1
0,0,,1,0,,600,,
0,0,,1,0,,100,,
0,0,,1,0,,0,,
0,0,,1,0,,300,,
0,0,,1,0,,100,,
0,0,,1,0,,600,,
0,0,,1,0,,600,,
0,0,,1,0,,100,,
0,0,,1,0,,0,,
0,0,,0.5,0.5,,1100,,
0,1,,0,1,,0,,
0,0,,0.555556,0.444444,,800,,
0,1,,0,1,,100,,
0,0,,1,0,,100,,
0,0,,1,0,,100,,
0,0,,1,0,,500,,
0,1,,0,1,,0,,
0,1,,0,1,,200,,
0,0,,0.894737,0.105263,,400,,
0,0,,1,0,,200,,
0,0,,0.894737,0.105263,,100,,
0,1,,0,1,,100,,
0,0,,1,0,,100,,
0,0,,1,0,,100,,
0,0,,1,0,,100,,
0,1,,0,1,,400,,
0,0,,0.894737,0.105263,,100,,
0,0,,1,0,,100,,
0,0,,1,0,,100,,
0,1,,0,1,,100,,
0,0,,1,0,,100,,
0,0,,0.894737,0.105263,,100,,
1,0,,1,0,,100,,
1,1,,0,1,,100,,
1,1,,0,1,,0,,
1,0,,1,0,,100,,
1,0,,1,0,,0,,
1,0,,1,0,,100,,
1,1,,0,1,,0,,
1,1,,0,1,,100,,
1,1,,0,1,,100,,
1,0,,1,0,,100,,
1,1,,0,1,,100,,
1,0,,0.894737,0.105263,,100,,
1,0,,1,0,,100,,
1,1,,0,1,,100,,
1,0,,1,0,,100,,
1,1,,0,1,,100,,
1,1,,0,1,,0,,
1,1,,0,1,,100,,
1,1,,0.333333,0.666667,,1700,,
1,0,,1,0,,100,,
1,0,,1,0,,100,,
1,1,,0,1,,100,,