fertility,CWE,test,1,NANOSECONDS,PREDICTIONS, Generated by ClassifierExperiments.java on 2022-05-16 12:45:41.    SYSTEMPROPERTIES:{user.name:matth,os.arch:amd64,os.name:Windows 10},ENDSYSTEMPROPERTIES
No parameter info
0.8571428571428571,75400,2300,-1,0,2,,-1,-1
0,0,,0.939394,0.060606,,600,,
0,0,,0.939394,0.060606,,100,,
0,0,,0.939394,0.060606,,100,,
0,0,,0.939394,0.060606,,0,,
0,0,,0.939394,0.060606,,100,,
0,0,,0.939394,0.060606,,0,,
0,0,,0.939394,0.060606,,100,,
0,0,,0.939394,0.060606,,100,,
0,0,,0.939394,0.060606,,100,,
0,0,,0.939394,0.060606,,100,,
0,0,,0.939394,0.060606,,100,,
0,0,,0.939394,0.060606,,100,,
0,0,,0.939394,0.060606,,100,,
0,0,,0.939394,0.060606,,100,,
0,0,,0.939394,0.060606,,100,,
0,0,,0.615385,0.384615,,100,,
0,0,,0.939394,0.060606,,0,,
0,0,,0.939394,0.060606,,100,,
1,0,,0.939394,0.060606,,100,,
1,0,,0.939394,0.060606,,100,,
1,0,,0.939394,0.060606,,100,,