fertility,CWE,test,2,NANOSECONDS,PREDICTIONS, Generated by ClassifierExperiments.java on 2022-05-16 03:29:39.    SYSTEMPROPERTIES:{user.name:matth,os.arch:amd64,os.name:Windows 10},ENDSYSTEMPROPERTIES
No parameter info
0.8571428571428571,67700,800,-1,0,2,,-1,-1
0,0,,0.545455,0.454545,,200,,
0,0,,0.941176,0.058824,,0,,
0,0,,0.941176,0.058824,,0,,
0,0,,0.941176,0.058824,,0,,
0,0,,0.941176,0.058824,,100,,
0,0,,0.941176,0.058824,,0,,
0,0,,0.545455,0.454545,,100,,
0,0,,0.941176,0.058824,,0,,
0,0,,0.545455,0.454545,,0,,
0,0,,0.941176,0.058824,,100,,
0,0,,0.941176,0.058824,,0,,
0,0,,0.941176,0.058824,,0,,
0,0,,0.941176,0.058824,,0,,
0,0,,0.941176,0.058824,,0,,
0,0,,0.941176,0.058824,,0,,
0,0,,0.941176,0.058824,,0,,
0,0,,0.941176,0.058824,,100,,
0,0,,0.941176,0.058824,,0,,
1,0,,0.941176,0.058824,,100,,
1,0,,0.941176,0.058824,,0,,
1,0,,0.941176,0.058824,,100,,