fertility,CWE,test,4,NANOSECONDS,PREDICTIONS, Generated by ClassifierExperiments.java on 2022-05-16 23:37:11.    SYSTEMPROPERTIES:{user.name:matth,os.arch:amd64,os.name:Windows 10},ENDSYSTEMPROPERTIES
No parameter info
0.8571428571428571,5950600,6611500,-1,0,2,,-1,-1
0,0,,0.976261,0.023739,,372100,,
0,0,,0.871285,0.128715,,304600,,
0,0,,0.747209,0.252791,,307300,,
0,0,,0.878352,0.121648,,338800,,
0,0,,0.973833,0.026167,,306400,,
0,0,,0.971923,0.028077,,302600,,
0,0,,0.72511,0.27489,,309100,,
0,0,,0.963885,0.036115,,305200,,
0,0,,0.819349,0.180651,,303700,,
0,0,,0.749398,0.250602,,351100,,
0,0,,0.909785,0.090215,,301400,,
0,0,,0.875786,0.124214,,302200,,
0,0,,0.934218,0.065782,,308500,,
0,0,,0.811777,0.188223,,307900,,
0,0,,0.893572,0.106428,,303400,,
0,0,,0.980628,0.019372,,302600,,
0,0,,0.910539,0.089461,,311300,,
0,0,,0.81992,0.18008,,303700,,
1,0,,0.685873,0.314127,,319100,,
1,0,,0.910385,0.089615,,314300,,
1,0,,0.722852,0.277148,,336200,,