habermans-survival,Rotf,test,2,NANOSECONDS,PREDICTIONS, Generated by ClassifierExperiments.java on 2022-05-16 03:29:55.    SYSTEMPROPERTIES:{user.name:matth,os.arch:amd64,os.name:Windows 10},ENDSYSTEMPROPERTIES
No parameter info
0.7258064516129032,220700,4000,-1,0,2,,-1,-1
0,0,,0.737705,0.262295,,900,,
0,0,,0.737705,0.262295,,0,,
0,0,,0.737705,0.262295,,100,,
0,0,,0.737705,0.262295,,100,,
0,0,,0.737705,0.262295,,0,,
0,0,,0.737705,0.262295,,100,,
0,0,,0.737705,0.262295,,100,,
0,0,,0.737705,0.262295,,0,,
0,0,,0.737705,0.262295,,200,,
0,0,,0.737705,0.262295,,0,,
0,0,,0.737705,0.262295,,100,,
0,0,,0.737705,0.262295,,100,,
0,0,,0.737705,0.262295,,100,,
0,0,,0.737705,0.262295,,100,,
0,0,,0.737705,0.262295,,100,,
0,0,,0.737705,0.262295,,0,,
0,0,,0.737705,0.262295,,0,,
0,0,,0.737705,0.262295,,0,,
0,0,,0.737705,0.262295,,100,,
0,0,,0.737705,0.262295,,0,,
0,0,,0.737705,0.262295,,0,,
0,0,,0.737705,0.262295,,100,,
0,0,,0.737705,0.262295,,100,,
0,0,,0.737705,0.262295,,0,,
0,0,,0.737705,0.262295,,100,,
0,0,,0.737705,0.262295,,0,,
0,0,,0.737705,0.262295,,0,,
0,0,,0.737705,0.262295,,100,,
0,0,,0.737705,0.262295,,0,,
0,0,,0.737705,0.262295,,100,,
0,0,,0.737705,0.262295,,0,,
0,0,,0.737705,0.262295,,0,,
0,0,,0.737705,0.262295,,100,,
0,0,,0.737705,0.262295,,0,,
0,0,,0.737705,0.262295,,0,,
0,0,,0.737705,0.262295,,100,,
0,0,,0.737705,0.262295,,100,,
0,0,,0.737705,0.262295,,0,,
0,0,,0.737705,0.262295,,0,,
0,0,,0.737705,0.262295,,100,,
0,0,,0.737705,0.262295,,100,,
0,0,,0.737705,0.262295,,0,,
0,0,,0.737705,0.262295,,100,,
0,0,,0.737705,0.262295,,0,,
0,0,,0.737705,0.262295,,100,,
1,0,,0.737705,0.262295,,0,,
1,0,,0.737705,0.262295,,0,,
1,0,,0.737705,0.262295,,100,,
1,0,,0.737705,0.262295,,0,,
1,0,,0.737705,0.262295,,100,,
1,0,,0.737705,0.262295,,0,,
1,0,,0.737705,0.262295,,0,,
1,0,,0.737705,0.262295,,100,,
1,0,,0.737705,0.262295,,0,,
1,0,,0.737705,0.262295,,0,,
1,0,,0.737705,0.262295,,100,,
1,0,,0.737705,0.262295,,0,,
1,0,,0.737705,0.262295,,0,,
1,0,,0.737705,0.262295,,100,,
1,0,,0.737705,0.262295,,100,,
1,0,,0.737705,0.262295,,0,,
1,0,,0.737705,0.262295,,100,,