spect-heart,Randf,test,0,NANOSECONDS,PREDICTIONS, Generated by ClassifierExperiments.java on 2022-05-16 23:37:38.    SYSTEMPROPERTIES:{user.name:matth,os.arch:amd64,os.name:Windows 10},ENDSYSTEMPROPERTIES
No parameter info
0.6481481481481481,3466000,61900,-1,0,2,,-1,-1
0,0,,0.711111,0.288889,,8000,,
0,0,,1,0,,1100,,
0,0,,0.7,0.3,,2200,,
0,0,,0.968974,0.031026,,1800,,
0,0,,0.6,0.4,,800,,
0,0,,0.5,0.5,,1200,,
0,0,,0.7,0.3,,900,,
0,1,,0.3,0.7,,800,,
0,1,,0,1,,1500,,
0,0,,0.7,0.3,,1000,,
0,0,,0.8,0.2,,1300,,
0,0,,0.8,0.2,,1500,,
0,0,,0.87,0.13,,900,,
0,0,,0.7,0.3,,1000,,
0,0,,0.968974,0.031026,,1100,,
0,0,,0.968974,0.031026,,1100,,
0,0,,1,0,,1400,,
0,0,,1,0,,700,,
0,0,,0.87,0.13,,1100,,
0,0,,0.993333,0.006667,,1100,,
0,1,,0.3,0.7,,1300,,
0,0,,1,0,,700,,
0,1,,0.4,0.6,,900,,
0,0,,0.7,0.3,,1100,,
0,0,,0.714087,0.285913,,1400,,
0,1,,0.3,0.7,,1000,,
0,0,,0.9,0.1,,900,,
0,1,,0.1,0.9,,800,,
0,1,,0.4,0.6,,700,,
0,0,,0.6,0.4,,900,,
0,0,,0.968974,0.031026,,1100,,
0,1,,0.453333,0.546667,,1100,,
1,0,,0.968974,0.031026,,1100,,
1,1,,0,1,,600,,
1,1,,0.1,0.9,,900,,
1,0,,0.9,0.1,,800,,
1,0,,0.6,0.4,,700,,
1,0,,0.5,0.5,,800,,
1,1,,0.34,0.66,,1100,,
1,1,,0.1,0.9,,800,,
1,0,,0.9,0.1,,1100,,
1,1,,0,1,,1000,,
1,0,,0.9,0.1,,700,,
1,0,,0.5,0.5,,700,,
1,1,,0.46,0.54,,900,,
1,1,,0.3,0.7,,700,,
1,0,,0.7,0.3,,700,,
1,1,,0,1,,800,,
1,1,,0.2,0.8,,800,,
1,0,,0.968974,0.031026,,1200,,
1,1,,0.3,0.7,,1200,,
1,1,,0,1,,600,,
1,0,,0.714087,0.285913,,1400,,
1,0,,0.6,0.4,,900,,