spect-heart,Randf,test,3,NANOSECONDS,PREDICTIONS, Generated by ClassifierExperiments.java on 2022-05-16 12:45:49.    SYSTEMPROPERTIES:{user.name:matth,os.arch:amd64,os.name:Windows 10},ENDSYSTEMPROPERTIES
No parameter info
0.6481481481481481,82000,113100,-1,0,2,,-1,-1
0,0,,0.98102,0.01898,,2700,,
0,0,,0.931287,0.068713,,2500,,
0,0,,0.986167,0.013833,,2000,,
0,1,,0.3742,0.6258,,2000,,
0,1,,0.132737,0.867263,,2200,,
0,1,,0.125047,0.874953,,2500,,
0,0,,0.756362,0.243638,,2400,,
0,0,,0.996075,0.003925,,2000,,
0,0,,0.956231,0.043769,,2000,,
0,0,,0.862142,0.137858,,2000,,
0,1,,0.169534,0.830466,,2100,,
0,0,,0.991741,0.008259,,2000,,
0,1,,0.093257,0.906743,,2400,,
0,0,,0.949126,0.050874,,2000,,
0,1,,0.083561,0.916439,,2100,,
0,1,,0.46619,0.53381,,1900,,
0,1,,0.060864,0.939136,,2200,,
0,0,,0.837891,0.162109,,2100,,
0,0,,0.995733,0.004267,,2000,,
0,0,,0.98785,0.01215,,2000,,
0,0,,0.998225,0.001775,,2000,,
0,1,,0.055611,0.944389,,2200,,
0,0,,0.796732,0.203268,,2100,,
0,0,,0.503555,0.496445,,2200,,
0,1,,0.114475,0.885525,,2300,,
0,1,,0.00687,0.99313,,2000,,
0,0,,0.998798,0.001202,,2000,,
0,0,,0.953953,0.046047,,2000,,
0,0,,0.947231,0.052769,,2000,,
0,1,,0.14848,0.85152,,2100,,
0,0,,0.995388,0.004612,,2000,,
0,0,,0.998798,0.001202,,1900,,
1,1,,0.220672,0.779328,,2100,,
1,1,,0.42501,0.57499,,2000,,
1,1,,0.181523,0.818477,,2100,,
1,1,,0.117046,0.882954,,2100,,
1,0,,0.937999,0.062001,,2000,,
1,0,,0.993758,0.006242,,1900,,
1,1,,0.075812,0.924188,,2200,,
1,1,,0.022721,0.977279,,2100,,
1,1,,0.019309,0.980691,,2100,,
1,1,,0.00074,0.99926,,2000,,
1,1,,0.203886,0.796114,,2000,,
1,0,,0.998798,0.001202,,2000,,
1,0,,0.861519,0.138481,,2100,,
1,0,,0.827116,0.172884,,2000,,
1,0,,0.998801,0.001199,,2000,,
1,1,,0.481143,0.518857,,2000,,
1,1,,0.003946,0.996054,,2000,,
1,1,,0.004302,0.995698,,2200,,
1,0,,0.832146,0.167854,,2300,,
1,1,,0.12776,0.87224,,2000,,
1,1,,0.00067,0.99933,,2000,,
1,1,,0.036559,0.963441,,2000,,