hayes-roth,J48,test,4,NANOSECONDS,PREDICTIONS, Generated by ClassifierExperiments.java on 2022-05-17 02:37:02.    SYSTEMPROPERTIES:{user.name:matth,os.arch:amd64,os.name:Windows 10},ENDSYSTEMPROPERTIES
No parameter info
0.75,102300,8400,-1,25401816,3,,-1,-1
0,0,,1,0,0,,1700,,
0,0,,1,0,0,,100,,
0,0,,1,0,0,,800,,
0,0,,0.909091,0,0.090909,,200,,
0,0,,1,0,0,,200,,
0,0,,0.571429,0.428571,0,,300,,
0,0,,1,0,0,,100,,
0,0,,0.545455,0.363636,0.090909,,1100,,
0,0,,1,0,0,,100,,
0,0,,1,0,0,,100,,
0,0,,0.5,0.5,0,,300,,
1,1,,0,1,0,,200,,
1,0,,0.571429,0.428571,0,,100,,
1,1,,0,0.909091,0.090909,,300,,
1,0,,0.571429,0.428571,0,,200,,
1,1,,0,0.5,0.5,,300,,
1,1,,0,1,0,,100,,
1,0,,0.5,0.5,0,,200,,
1,0,,0.545455,0.363636,0.090909,,100,,
1,1,,0,1,0,,200,,
1,1,,0,1,0,,200,,
1,0,,1,0,0,,400,,
2,2,,0,0,1,,100,,
2,2,,0,0,1,,100,,
2,1,,0,1,0,,100,,
2,2,,0,0,1,,100,,
2,1,,0.48,0.52,0,,400,,
2,2,,0,0,1,,300,,