zoo,Rotf,test,3,NANOSECONDS,PREDICTIONS, Generated by ClassifierExperiments.java on 2022-05-16 12:46:01.    SYSTEMPROPERTIES:{user.name:matth,os.arch:amd64,os.name:Windows 10},ENDSYSTEMPROPERTIES
No parameter info
0.9090909090909091,154400,6600,-1,0,7,,-1,-1
0,0,,1,0,0,0,0,0,0,,1200,,
0,0,,1,0,0,0,0,0,0,,300,,
0,0,,1,0,0,0,0,0,0,,100,,
0,0,,1,0,0,0,0,0,0,,200,,
0,0,,1,0,0,0,0,0,0,,200,,
0,0,,1,0,0,0,0,0,0,,200,,
0,0,,1,0,0,0,0,0,0,,200,,
0,0,,1,0,0,0,0,0,0,,200,,
0,0,,1,0,0,0,0,0,0,,100,,
1,1,,0,1,0,0,0,0,0,,200,,
1,1,,0,1,0,0,0,0,0,,200,,
1,1,,0,1,0,0,0,0,0,,200,,
1,1,,0,1,0,0,0,0,0,,200,,
2,2,,0,0,0.8,0,0.2,0,0,,600,,
3,3,,0,0,0,1,0,0,0,,400,,
3,3,,0,0,0,1,0,0,0,,200,,
3,3,,0,0,0,1,0,0,0,,200,,
4,4,,0,0,0,0,1,0,0,,400,,
5,5,,0,0,0,0,0,0.857143,0.142857,,500,,
5,6,,0,0,0,0,0,0,1,,200,,
6,5,,0,0,0,0,0,0.857143,0.142857,,300,,
6,6,,0,0,0,0,0,0,1,,300,,