habermans-survival,CWE,test,3,NANOSECONDS,PREDICTIONS, Generated by ClassifierExperiments.java on 2022-05-15 22:14:17.    SYSTEMPROPERTIES:{user.name:matth,os.arch:amd64,os.name:Windows 10},ENDSYSTEMPROPERTIES
No parameter info
0.7258064516129032,10177800,17425200,-1,20124576,2,,-1,-1
0,0,,0.571429,0.428571,,363000,,
0,0,,0.818182,0.181818,,281100,,
0,0,,0.818182,0.181818,,285800,,
0,0,,0.882353,0.117647,,283900,,
0,0,,0.818182,0.181818,,278000,,
0,0,,0.882353,0.117647,,278300,,
0,0,,0.818182,0.181818,,276300,,
0,0,,0.818182,0.181818,,279700,,
0,0,,0.8,0.2,,278400,,
0,0,,0.677419,0.322581,,280400,,
0,0,,0.571429,0.428571,,297800,,
0,0,,0.882353,0.117647,,286900,,
0,0,,0.818182,0.181818,,275000,,
0,0,,0.666667,0.333333,,278400,,
0,0,,0.818182,0.181818,,276900,,
0,0,,0.818182,0.181818,,275100,,
0,0,,0.8,0.2,,275200,,
0,0,,0.740741,0.259259,,276100,,
0,0,,0.818182,0.181818,,275900,,
0,0,,0.666667,0.333333,,274500,,
0,0,,0.666667,0.333333,,274400,,
0,0,,0.791667,0.208333,,315200,,
0,0,,0.681818,0.318182,,277900,,
0,0,,0.882353,0.117647,,277800,,
0,0,,0.666667,0.333333,,275900,,
0,0,,0.791667,0.208333,,278500,,
0,0,,0.677419,0.322581,,294600,,
0,0,,0.625,0.375,,276900,,
0,0,,0.681818,0.318182,,277100,,
0,0,,0.625,0.375,,276100,,
0,0,,0.8,0.2,,277300,,
0,0,,0.882353,0.117647,,277500,,
0,0,,0.8,0.2,,280600,,
0,0,,0.740741,0.259259,,284600,,
0,0,,0.882353,0.117647,,276300,,
0,0,,0.882353,0.117647,,278600,,
0,0,,0.882353,0.117647,,277400,,
0,0,,0.75,0.25,,283200,,
0,0,,0.8,0.2,,276500,,
0,0,,0.571429,0.428571,,280500,,
0,0,,0.791667,0.208333,,277500,,
0,0,,0.681818,0.318182,,276000,,
0,0,,0.677419,0.322581,,277700,,
0,0,,0.791667,0.208333,,276500,,
0,0,,0.8,0.2,,275200,,
1,0,,0.571429,0.428571,,275400,,
1,0,,0.571429,0.428571,,278300,,
1,0,,0.791667,0.208333,,276700,,
1,0,,0.882353,0.117647,,276500,,
1,0,,0.677419,0.322581,,277500,,
1,0,,0.8,0.2,,279300,,
1,0,,0.625,0.375,,276600,,
1,0,,0.571429,0.428571,,278100,,
1,0,,0.8,0.2,,288300,,
1,0,,0.666667,0.333333,,277700,,
1,0,,0.681818,0.318182,,277200,,
1,0,,0.571429,0.428571,,278200,,
1,0,,0.791667,0.208333,,279300,,
1,0,,0.791667,0.208333,,278700,,
1,0,,0.681818,0.318182,,280300,,
1,0,,0.677419,0.322581,,288200,,
1,0,,0.740741,0.259259,,282400,,