habermans-survival,CWE,test,2,NANOSECONDS,PREDICTIONS, Generated by ClassifierExperiments.java on 2022-05-15 21:59:51.    SYSTEMPROPERTIES:{user.name:matth,os.arch:amd64,os.name:Windows 10},ENDSYSTEMPROPERTIES
No parameter info
0.7258064516129032,9233700,17878300,-1,20241112,2,,-1,-1
0,0,,0.666667,0.333333,,338200,,
0,0,,0.809524,0.190476,,275900,,
0,0,,0.714286,0.285714,,277400,,
0,0,,0.869565,0.130435,,276900,,
0,0,,0.642857,0.357143,,285300,,
0,0,,0.625,0.375,,275200,,
0,0,,0.714286,0.285714,,273400,,
0,0,,0.642857,0.357143,,275600,,
0,0,,0.727273,0.272727,,275200,,
0,0,,0.727273,0.272727,,273700,,
0,0,,0.727273,0.272727,,275100,,
0,0,,0.916667,0.083333,,287100,,
0,0,,0.642857,0.357143,,273800,,
0,0,,0.642857,0.357143,,276500,,
0,0,,0.625,0.375,,283200,,
0,0,,0.769231,0.230769,,369100,,
0,0,,0.727273,0.272727,,292000,,
0,0,,0.869565,0.130435,,278200,,
0,0,,0.809524,0.190476,,293200,,
0,0,,0.869565,0.130435,,272700,,
0,0,,0.769231,0.230769,,276500,,
0,0,,0.714286,0.285714,,285200,,
0,0,,0.625,0.375,,276800,,
0,0,,0.809524,0.190476,,275900,,
0,0,,0.625,0.375,,315100,,
0,0,,0.809524,0.190476,,291600,,
0,0,,0.625,0.375,,278300,,
0,0,,0.869565,0.130435,,306800,,
0,0,,0.769231,0.230769,,356900,,
0,0,,0.666667,0.333333,,330600,,
0,0,,0.642857,0.357143,,283900,,
0,0,,0.666667,0.333333,,282600,,
0,0,,0.666667,0.333333,,278300,,
0,0,,0.727273,0.272727,,276600,,
0,0,,0.642857,0.357143,,281500,,
0,0,,0.521739,0.478261,,300300,,
0,0,,0.727273,0.272727,,276800,,
0,0,,0.809524,0.190476,,285700,,
0,0,,0.809524,0.190476,,303700,,
0,0,,0.809524,0.190476,,277000,,
0,0,,0.521739,0.478261,,277700,,
0,0,,0.666667,0.333333,,278300,,
0,0,,0.809524,0.190476,,350500,,
0,0,,0.809524,0.190476,,281500,,
0,0,,0.521739,0.478261,,278500,,
1,0,,0.727273,0.272727,,281700,,
1,0,,0.521739,0.478261,,277600,,
1,0,,0.727273,0.272727,,276100,,
1,0,,0.642857,0.357143,,280300,,
1,0,,0.521739,0.478261,,277800,,
1,0,,0.714286,0.285714,,277400,,
1,0,,0.769231,0.230769,,275900,,
1,0,,0.666667,0.333333,,286800,,
1,0,,0.642857,0.357143,,284000,,
1,0,,0.809524,0.190476,,289700,,
1,0,,0.916667,0.083333,,366800,,
1,0,,0.714286,0.285714,,277900,,
1,0,,0.769231,0.230769,,275400,,
1,0,,0.869565,0.130435,,278400,,
1,0,,0.714286,0.285714,,287900,,
1,0,,0.666667,0.333333,,274300,,
1,0,,0.809524,0.190476,,276000,,