habermans-survival,CWE,test,1,NANOSECONDS,PREDICTIONS, Generated by ClassifierExperiments.java on 2022-05-15 21:49:50.    SYSTEMPROPERTIES:{user.name:matth,os.arch:amd64,os.name:Windows 10},ENDSYSTEMPROPERTIES
No parameter info
0.7258064516129032,9078900,18592300,-1,21051472,2,,-1,-1
0,0,,0.727273,0.272727,,330600,,
0,0,,0.833333,0.166667,,273200,,
0,0,,0.727273,0.272727,,271500,,
0,0,,0.727273,0.272727,,335100,,
0,0,,0.727273,0.272727,,269900,,
0,0,,0.727273,0.272727,,269000,,
0,0,,0.727273,0.272727,,272200,,
0,0,,0.75,0.25,,273900,,
0,0,,0.736842,0.263158,,279900,,
0,0,,0.736842,0.263158,,340800,,
0,0,,0.818182,0.181818,,493500,,
0,0,,0.909091,0.090909,,279300,,
0,0,,0.727273,0.272727,,285400,,
0,0,,0.833333,0.166667,,281300,,
0,0,,0.555556,0.444444,,274800,,
0,0,,0.571429,0.428571,,272700,,
0,0,,0.727273,0.272727,,275200,,
0,0,,0.833333,0.166667,,274800,,
0,0,,0.736842,0.263158,,274700,,
0,0,,0.703704,0.296296,,274900,,
0,0,,0.736842,0.263158,,280300,,
0,0,,0.727273,0.272727,,273000,,
0,0,,0.571429,0.428571,,284500,,
0,0,,0.818182,0.181818,,280300,,
0,0,,0.703704,0.296296,,274600,,
0,0,,0.555556,0.444444,,273700,,
0,0,,0.727273,0.272727,,312100,,
0,0,,0.833333,0.166667,,311800,,
0,0,,0.714286,0.285714,,375400,,
0,0,,0.727273,0.272727,,356500,,
0,0,,0.714286,0.285714,,274900,,
0,0,,0.818182,0.181818,,298500,,
0,0,,0.909091,0.090909,,284600,,
0,0,,0.703704,0.296296,,283600,,
0,0,,0.833333,0.166667,,299100,,
0,0,,0.833333,0.166667,,272200,,
0,0,,0.727273,0.272727,,276800,,
0,0,,0.571429,0.428571,,322800,,
0,0,,0.714286,0.285714,,297200,,
0,0,,0.818182,0.181818,,276200,,
0,0,,0.818182,0.181818,,271700,,
0,0,,0.818182,0.181818,,269100,,
0,0,,0.714286,0.285714,,271500,,
0,0,,0.727273,0.272727,,277500,,
0,0,,0.909091,0.090909,,310300,,
1,0,,0.714286,0.285714,,295700,,
1,0,,0.727273,0.272727,,273600,,
1,0,,0.736842,0.263158,,277900,,
1,0,,0.736842,0.263158,,273300,,
1,0,,0.714286,0.285714,,273300,,
1,0,,0.714286,0.285714,,271400,,
1,0,,0.736842,0.263158,,272900,,
1,0,,0.727273,0.272727,,275900,,
1,0,,0.714286,0.285714,,270700,,
1,0,,0.909091,0.090909,,272400,,
1,0,,0.571429,0.428571,,279100,,
1,0,,0.727273,0.272727,,407600,,
1,0,,0.833333,0.166667,,524600,,
1,0,,0.571429,0.428571,,507200,,
1,0,,0.736842,0.263158,,304400,,
1,0,,0.571429,0.428571,,313800,,
1,0,,0.571429,0.428571,,287600,,