parkinsons,CWE,test,2,NANOSECONDS,PREDICTIONS, Generated by ClassifierExperiments.java on 2022-05-16 01:44:37.    SYSTEMPROPERTIES:{user.name:matth,os.arch:amd64,os.name:Windows 10},ENDSYSTEMPROPERTIES
CourseworkTree,BESTPARAS:{S: gini, D: 2, },SPACE:{,	S: [ gain, ratio, gini, chi, ],	D: [ 1, 2, 4, 8, 16, 32, 64, unlimited, ],}
0.825,3539500,3400,-1,0,2,,-1,-1
0,1,,0,1,,1500,,
0,0,,0.736842,0.263158,,100,,
0,1,,0,1,,100,,
0,0,,0.736842,0.263158,,100,,
0,1,,0.205128,0.794872,,100,,
0,0,,0.736842,0.263158,,0,,
0,1,,0,1,,0,,
0,0,,0.736842,0.263158,,0,,
0,0,,0.736842,0.263158,,0,,
0,0,,0.736842,0.263158,,0,,
1,1,,0,1,,0,,
1,1,,0,1,,0,,
1,1,,0,1,,0,,
1,1,,0,1,,0,,
1,1,,0,1,,0,,
1,1,,0,1,,0,,
1,1,,0,1,,100,,
1,1,,0,1,,0,,
1,0,,0.736842,0.263158,,0,,
1,1,,0,1,,0,,
1,1,,0,1,,100,,
1,0,,0.736842,0.263158,,100,,
1,1,,0,1,,100,,
1,1,,0,1,,0,,
1,1,,0,1,,0,,
1,1,,0,1,,100,,
1,1,,0,1,,100,,
1,1,,0,1,,100,,
1,1,,0,1,,100,,
1,1,,0,1,,100,,
1,1,,0.205128,0.794872,,100,,
1,1,,0,1,,100,,
1,1,,0,1,,100,,
1,1,,0,1,,100,,
1,0,,0.736842,0.263158,,0,,
1,1,,0,1,,0,,
1,1,,0,1,,0,,
1,1,,0,1,,0,,
1,1,,0,1,,100,,
1,1,,0,1,,100,,