monks-2,Tuned_CWT,test,2,NANOSECONDS,PREDICTIONS, Generated by ClassifierExperiments.java on 2022-05-16 19:54:12.    SYSTEMPROPERTIES:{user.name:matth,os.arch:amd64,os.name:Windows 10},ENDSYSTEMPROPERTIES
CourseworkTree,BESTPARAS:{S: ratio, D: 64, },SPACE:{,	S: [ gain, ratio, gini, chi, ],	D: [ 1, 2, 4, 8, 16, 32, 64, unlimited, ],}
0.7603305785123967,14256400,16500,-1,21021888,2,,-1,-1
0,0,,1,0,,1800,,
0,0,,1,0,,500,,
0,0,,1,0,,300,,
0,0,,1,0,,100,,
0,0,,1,0,,400,,
0,0,,1,0,,400,,
0,0,,1,0,,200,,
0,0,,1,0,,300,,
0,0,,0.666667,0.333333,,100,,
0,0,,1,0,,100,,
0,0,,1,0,,500,,
0,1,,0,1,,100,,
0,0,,1,0,,400,,
0,0,,0.5,0.5,,400,,
0,0,,1,0,,100,,
0,0,,1,0,,100,,
0,0,,1,0,,0,,
0,0,,1,0,,0,,
0,0,,1,0,,100,,
0,0,,0.5,0.5,,100,,
0,1,,0,1,,100,,
0,0,,1,0,,300,,
0,0,,1,0,,100,,
0,0,,1,0,,0,,
0,0,,1,0,,100,,
0,0,,1,0,,200,,
0,0,,1,0,,200,,
0,1,,0,1,,100,,
0,0,,1,0,,100,,
0,1,,0,1,,300,,
0,0,,1,0,,200,,
0,1,,0,1,,0,,
0,1,,0,1,,100,,
0,0,,1,0,,100,,
0,0,,1,0,,100,,
0,0,,1,0,,100,,
0,0,,1,0,,100,,
0,0,,1,0,,400,,
0,0,,1,0,,100,,
0,0,,1,0,,100,,
0,1,,0,1,,100,,
0,1,,0,1,,100,,
0,0,,1,0,,0,,
0,1,,0,1,,100,,
0,0,,1,0,,200,,
0,0,,1,0,,100,,
0,0,,1,0,,100,,
0,0,,1,0,,100,,
0,1,,0,1,,300,,
0,0,,1,0,,0,,
0,1,,0,1,,700,,
0,1,,0,1,,100,,
0,1,,0,1,,0,,
0,1,,0.333333,0.666667,,100,,
0,0,,1,0,,500,,
0,0,,1,0,,100,,
0,0,,1,0,,100,,
0,0,,1,0,,100,,
0,0,,1,0,,0,,
0,0,,1,0,,0,,
0,0,,1,0,,300,,
0,0,,1,0,,100,,
0,0,,1,0,,0,,
0,0,,1,0,,0,,
0,1,,0,1,,100,,
0,0,,1,0,,100,,
0,0,,1,0,,100,,
0,0,,0.5,0.5,,0,,
0,0,,1,0,,100,,
0,0,,1,0,,100,,
0,0,,1,0,,100,,
0,0,,1,0,,0,,
0,1,,0,1,,0,,
0,0,,1,0,,100,,
0,0,,0.5,0.5,,100,,
0,0,,1,0,,100,,
0,0,,1,0,,100,,
0,0,,1,0,,0,,
0,0,,1,0,,100,,
1,1,,0,1,,100,,
1,0,,1,0,,100,,
1,1,,0,1,,100,,
1,1,,0.333333,0.666667,,0,,
1,0,,0.666667,0.333333,,200,,
1,1,,0,1,,200,,
1,1,,0,1,,100,,
1,1,,0,1,,100,,
1,1,,0,1,,0,,
1,0,,1,0,,100,,
1,0,,0.5,0.5,,100,,
1,1,,0,1,,100,,
1,1,,0,1,,0,,
1,0,,1,0,,100,,
1,0,,0.5,0.5,,100,,
1,1,,0,1,,100,,
1,1,,0,1,,100,,
1,1,,0,1,,100,,
1,0,,1,0,,100,,
1,1,,0.25,0.75,,100,,
1,1,,0,1,,0,,
1,1,,0,1,,100,,
1,1,,0,1,,100,,
1,1,,0,1,,300,,
1,1,,0.333333,0.666667,,0,,
1,1,,0.333333,0.666667,,0,,
1,0,,0.5,0.5,,100,,
1,1,,0,1,,100,,
1,1,,0.333333,0.666667,,0,,
1,1,,0.333333,0.666667,,0,,
1,0,,1,0,,0,,
1,1,,0,1,,0,,
1,0,,0.5,0.5,,100,,
1,0,,1,0,,100,,
1,1,,0,1,,200,,
1,0,,0.666667,0.333333,,0,,
1,1,,0.333333,0.666667,,100,,
1,1,,0.333333,0.666667,,100,,
1,1,,0,1,,100,,
1,1,,0.333333,0.666667,,0,,
1,1,,0,1,,0,,
1,0,,0.5,0.5,,100,,