vertebral-column-3clases,CWT_chi,test,2,NANOSECONDS,PREDICTIONS, Generated by ClassifierExperiments.java on 2022-05-15 19:49:52.    SYSTEMPROPERTIES:{user.name:matth,os.arch:amd64,os.name:Windows 10},ENDSYSTEMPROPERTIES
No parameter info
0.6612903225806451,503900,3100,-1,0,3,,-1,-1
0,2,,0,0,1,,500,,
0,1,,0,1,0,,100,,
0,2,,0,0,1,,0,,
0,2,,0,0,1,,100,,
0,2,,0,0,1,,100,,
0,2,,0,0,1,,0,,
0,1,,0.387097,0.612903,0,,0,,
0,2,,0,0,1,,100,,
0,1,,0,1,0,,0,,
0,2,,0,0,1,,0,,
0,2,,0,0,1,,100,,
0,2,,0,0,1,,0,,
1,1,,0,0.75,0.25,,0,,
1,2,,0,0,1,,100,,
1,2,,0,0,1,,0,,
1,1,,0,0.75,0.25,,100,,
1,1,,0.387097,0.612903,0,,0,,
1,1,,0,1,0,,0,,
1,1,,0,1,0,,100,,
1,2,,0,0,1,,100,,
1,2,,0,0,1,,0,,
1,2,,0,0,1,,0,,
1,1,,0,1,0,,0,,
1,2,,0,0,1,,0,,
1,2,,0,0,1,,0,,
1,2,,0,0,1,,100,,
1,1,,0.387097,0.612903,0,,0,,
1,2,,0,0,1,,0,,
1,1,,0.387097,0.612903,0,,0,,
1,1,,0,1,0,,0,,
1,1,,0.387097,0.612903,0,,0,,
1,1,,0,1,0,,0,,
2,2,,0,0,1,,0,,
2,2,,0,0,1,,0,,
2,2,,0,0,1,,100,,
2,2,,0,0,1,,100,,
2,2,,0,0,1,,100,,
2,2,,0,0,1,,100,,
2,2,,0,0,1,,0,,
2,2,,0,0,1,,0,,
2,2,,0,0,1,,0,,
2,2,,0,0,1,,0,,
2,2,,0,0,1,,0,,
2,2,,0,0,1,,0,,
2,2,,0,0,1,,0,,
2,2,,0,0,1,,0,,
2,2,,0,0,1,,0,,
2,2,,0,0,1,,0,,
2,2,,0,0,1,,0,,
2,2,,0,0,1,,0,,
2,2,,0,0,1,,100,,
2,2,,0,0,1,,100,,
2,2,,0,0,1,,100,,
2,2,,0,0,1,,100,,
2,2,,0,0,1,,100,,
2,2,,0,0,1,,100,,
2,2,,0,0,1,,100,,
2,2,,0,0,1,,100,,
2,2,,0,0,1,,100,,
2,2,,0,0,1,,100,,
2,2,,0,0,1,,100,,
2,2,,0,0,1,,100,,