habermans-survival,DStump,test,4,NANOSECONDS,PREDICTIONS, Generated by ClassifierExperiments.java on 2022-05-16 13:48:08.    SYSTEMPROPERTIES:{user.name:matth,os.arch:amd64,os.name:Windows 10},ENDSYSTEMPROPERTIES
No parameter info
0.6935483870967742,2513300,81900,-1,0,2,,-1,-1
0,0,,0.80899,0.19101,,5400,,
0,0,,0.891367,0.108633,,1800,,
0,0,,0.56,0.44,,2900,,
0,1,,0.488679,0.511321,,2800,,
0,0,,0.922778,0.077222,,2500,,
0,0,,0.706322,0.293678,,1800,,
0,0,,1,0,,2100,,
0,0,,0.966667,0.033333,,1200,,
0,0,,0.597366,0.402634,,3400,,
0,0,,0.840476,0.159524,,1700,,
0,1,,0.440385,0.559615,,600,,
0,0,,0.736038,0.263962,,1300,,
0,0,,0.816667,0.183333,,1400,,
0,0,,0.658056,0.341944,,2700,,
0,0,,0.955556,0.044444,,1500,,
0,1,,0.463333,0.536667,,900,,
0,0,,0.692558,0.307442,,1600,,
0,1,,0.225595,0.774405,,1100,,
0,0,,0.916111,0.083889,,1200,,
0,0,,0.77,0.23,,1800,,
0,0,,0.885623,0.114377,,1000,,
0,1,,0.443333,0.556667,,1700,,
0,0,,1,0,,1700,,
0,0,,0.918333,0.081667,,1700,,
0,0,,1,0,,900,,
0,0,,1,0,,400,,
0,0,,1,0,,500,,
0,0,,0.925,0.075,,1200,,
0,0,,0.802905,0.197095,,1500,,
0,0,,0.65348,0.34652,,600,,
0,0,,0.841667,0.158333,,1000,,
0,0,,0.9375,0.0625,,700,,
0,0,,0.680609,0.319391,,1100,,
0,0,,0.862516,0.137484,,700,,
0,0,,1,0,,1300,,
0,0,,0.973942,0.026058,,1200,,
0,0,,0.873061,0.126939,,1200,,
0,0,,0.7,0.3,,1100,,
0,0,,0.666205,0.333795,,800,,
0,0,,0.683902,0.316098,,1000,,
0,0,,0.783333,0.216667,,1500,,
0,0,,0.743723,0.256277,,1700,,
0,0,,0.810057,0.189943,,700,,
0,0,,0.985263,0.014737,,500,,
0,0,,0.957051,0.042949,,800,,
1,1,,0.486667,0.513333,,1500,,
1,0,,0.937255,0.062745,,600,,
1,1,,0,1,,1700,,
1,0,,0.622494,0.377506,,900,,
1,0,,0.835108,0.164892,,1000,,
1,0,,1,0,,1100,,
1,0,,0.890657,0.109343,,900,,
1,0,,0.71619,0.28381,,900,,
1,0,,0.9375,0.0625,,500,,
1,0,,0.65348,0.34652,,400,,
1,0,,0.865476,0.134524,,500,,
1,0,,0.524167,0.475833,,1400,,
1,1,,0.492905,0.507095,,1000,,
1,0,,0.761111,0.238889,,1200,,
1,0,,0.64881,0.35119,,800,,
1,0,,0.856969,0.143031,,800,,
1,0,,0.816667,0.183333,,500,,