spect-heart,Rotf,test,0,NANOSECONDS,PREDICTIONS, Generated by ClassifierExperiments.java on 2022-05-17 00:11:46.    SYSTEMPROPERTIES:{user.name:matth,os.arch:amd64,os.name:Windows 10},ENDSYSTEMPROPERTIES
No parameter info
0.6851851851851852,49925000,3920900,-1,44785760,2,,-1,-1
0,0,,0.746895,0.253105,,149600,,
0,0,,0.85888,0.14112,,60100,,
0,0,,0.870546,0.129454,,167300,,
0,0,,0.85109,0.14891,,69900,,
0,0,,0.707899,0.292101,,64000,,
0,0,,0.714035,0.285965,,63400,,
0,0,,0.795095,0.204905,,67300,,
0,0,,0.565416,0.434584,,64100,,
0,1,,0.181044,0.818956,,63400,,
0,0,,0.904673,0.095327,,87500,,
0,1,,0.362987,0.637013,,65900,,
0,0,,0.739518,0.260482,,64000,,
0,0,,0.85888,0.14112,,60200,,
0,0,,0.657505,0.342495,,62100,,
0,0,,0.85109,0.14891,,60500,,
0,0,,0.85109,0.14891,,59600,,
0,0,,0.74569,0.25431,,123900,,
0,0,,0.862452,0.137548,,61100,,
0,0,,0.85888,0.14112,,58100,,
0,0,,0.85109,0.14891,,100800,,
0,1,,0.190498,0.809502,,59700,,
0,0,,0.862106,0.137894,,58100,,
0,1,,0.401917,0.598083,,59400,,
0,0,,0.871891,0.128109,,64200,,
0,0,,0.777902,0.222098,,72400,,
0,1,,0.170108,0.829892,,60100,,
0,0,,0.832109,0.167891,,57300,,
0,1,,0.407932,0.592068,,57200,,
0,0,,0.810122,0.189878,,56600,,
0,1,,0.413716,0.586284,,57800,,
0,0,,0.85109,0.14891,,56000,,
0,0,,0.582593,0.417407,,57300,,
1,0,,0.85109,0.14891,,57200,,
1,1,,0.08609,0.91391,,59000,,
1,1,,0.176774,0.823226,,242800,,
1,0,,0.875095,0.124905,,142200,,
1,1,,0.471464,0.528536,,77100,,
1,0,,0.820172,0.179828,,62700,,
1,1,,0.412716,0.587284,,60300,,
1,1,,0.267294,0.732706,,60800,,
1,0,,0.828407,0.171593,,75900,,
1,1,,0.120329,0.879671,,68000,,
1,0,,0.85888,0.14112,,59200,,
1,1,,0.499189,0.500811,,61900,,
1,0,,0.720548,0.279452,,61000,,
1,1,,0.430806,0.569194,,58600,,
1,0,,0.795095,0.204905,,57100,,
1,1,,0.181044,0.818956,,58600,,
1,1,,0.07855,0.92145,,61700,,
1,0,,0.85109,0.14891,,70200,,
1,1,,0.11271,0.88729,,63200,,
1,1,,0.059969,0.940031,,57800,,
1,0,,0.777902,0.222098,,58800,,
1,0,,0.710734,0.289266,,57900,,