parkinsons,J48,test,4,NANOSECONDS,PREDICTIONS, Generated by ClassifierExperiments.java on 2022-05-17 03:20:48.    SYSTEMPROPERTIES:{user.name:matth,os.arch:amd64,os.name:Windows 10},ENDSYSTEMPROPERTIES
No parameter info
0.85,1856400,5500,-1,0,2,,-1,-1
0,1,,0,1,,1400,,
0,0,,1,0,,100,,
0,1,,0,1,,200,,
0,1,,0,1,,200,,
0,1,,0,1,,100,,
0,0,,1,0,,100,,
0,0,,1,0,,100,,
0,1,,0.111111,0.888889,,200,,
0,0,,1,0,,100,,
0,0,,1,0,,200,,
1,1,,0.111111,0.888889,,100,,
1,1,,0,1,,100,,
1,1,,0,1,,100,,
1,1,,0,1,,100,,
1,1,,0,1,,100,,
1,1,,0,1,,0,,
1,1,,0,1,,0,,
1,1,,0,1,,200,,
1,1,,0.111111,0.888889,,200,,
1,1,,0,1,,200,,
1,0,,1,0,,200,,
1,1,,0,1,,100,,
1,1,,0,1,,0,,
1,1,,0,1,,100,,
1,1,,0,1,,200,,
1,1,,0,1,,100,,
1,1,,0,1,,0,,
1,1,,0,1,,100,,
1,1,,0.111111,0.888889,,200,,
1,1,,0,1,,0,,
1,1,,0,1,,100,,
1,1,,0.111111,0.888889,,100,,
1,1,,0,1,,100,,
1,1,,0,1,,100,,
1,1,,0,1,,0,,
1,1,,0,1,,100,,
1,1,,0,1,,0,,
1,1,,0,1,,100,,
1,1,,0,1,,100,,
1,1,,0,1,,0,,