monks-2,CWT_chi,test,1,NANOSECONDS,PREDICTIONS, Generated by ClassifierExperiments.java on 2022-05-15 19:29:26.    SYSTEMPROPERTIES:{user.name:matth,os.arch:amd64,os.name:Windows 10},ENDSYSTEMPROPERTIES
No parameter info
0.6446280991735537,1163300,8300,-1,0,2,,-1,-1
0,0,,1,0,,600,,
0,1,,0,1,,100,,
0,0,,1,0,,100,,
0,0,,1,0,,100,,
0,0,,1,0,,200,,
0,0,,1,0,,100,,
0,0,,1,0,,0,,
0,0,,1,0,,0,,
0,0,,1,0,,0,,
0,0,,1,0,,200,,
0,0,,1,0,,0,,
0,0,,1,0,,200,,
0,1,,0.333333,0.666667,,100,,
0,0,,1,0,,100,,
0,0,,1,0,,100,,
0,0,,1,0,,100,,
0,1,,0.333333,0.666667,,100,,
0,0,,1,0,,100,,
0,0,,1,0,,100,,
0,0,,0.5,0.5,,100,,
0,0,,1,0,,0,,
0,0,,1,0,,0,,
0,1,,0.333333,0.666667,,100,,
0,1,,0,1,,100,,
0,1,,0,1,,100,,
0,0,,1,0,,0,,
0,0,,1,0,,0,,
0,0,,1,0,,100,,
0,0,,0.666667,0.333333,,100,,
0,0,,1,0,,100,,
0,0,,1,0,,0,,
0,0,,1,0,,100,,
0,0,,0.75,0.25,,100,,
0,1,,0,1,,100,,
0,0,,1,0,,0,,
0,0,,1,0,,100,,
0,1,,0.333333,0.666667,,100,,
0,0,,1,0,,100,,
0,0,,1,0,,0,,
0,1,,0.333333,0.666667,,0,,
0,0,,1,0,,100,,
0,0,,1,0,,100,,
0,1,,0,1,,100,,
0,1,,0,1,,0,,
0,1,,0,1,,0,,
0,1,,0.25,0.75,,0,,
0,0,,0.5,0.5,,100,,
0,0,,0.666667,0.333333,,100,,
0,1,,0,1,,100,,
0,0,,1,0,,0,,
0,0,,0.5,0.5,,100,,
0,0,,1,0,,100,,
0,0,,1,0,,0,,
0,0,,1,0,,100,,
0,0,,0.666667,0.333333,,100,,
0,0,,1,0,,100,,
0,0,,0.5,0.5,,100,,
0,0,,1,0,,0,,
0,0,,0.75,0.25,,100,,
0,0,,1,0,,100,,
0,0,,1,0,,100,,
0,0,,1,0,,0,,
0,0,,1,0,,0,,
0,0,,1,0,,0,,
0,0,,0.666667,0.333333,,100,,
0,0,,1,0,,0,,
0,0,,0.5,0.5,,0,,
0,0,,0.5,0.5,,0,,
0,0,,1,0,,100,,
0,0,,0.5,0.5,,100,,
0,0,,0.666667,0.333333,,100,,
0,1,,0,1,,100,,
0,1,,0,1,,0,,
0,1,,0,1,,0,,
0,0,,1,0,,100,,
0,0,,0.75,0.25,,0,,
0,0,,1,0,,0,,
0,0,,1,0,,100,,
0,0,,1,0,,100,,
1,0,,1,0,,100,,
1,0,,1,0,,100,,
1,0,,1,0,,0,,
1,0,,0.666667,0.333333,,0,,
1,0,,0.5,0.5,,0,,
1,0,,0.5,0.5,,100,,
1,1,,0.25,0.75,,100,,
1,0,,0.666667,0.333333,,100,,
1,1,,0.333333,0.666667,,100,,
1,1,,0.4,0.6,,0,,
1,1,,0,1,,0,,
1,0,,0.5,0.5,,0,,
1,0,,0.5,0.5,,100,,
1,0,,0.5,0.5,,100,,
1,0,,0.75,0.25,,100,,
1,0,,0.5,0.5,,0,,
1,0,,1,0,,0,,
1,0,,0.666667,0.333333,,0,,
1,0,,0.666667,0.333333,,0,,
1,0,,0.75,0.25,,100,,
1,1,,0,1,,100,,
1,0,,1,0,,100,,
1,1,,0,1,,100,,
1,0,,0.5,0.5,,0,,
1,0,,0.666667,0.333333,,0,,
1,0,,1,0,,0,,
1,0,,0.5,0.5,,100,,
1,0,,0.5,0.5,,100,,
1,1,,0.333333,0.666667,,100,,
1,1,,0.4,0.6,,100,,
1,0,,0.666667,0.333333,,0,,
1,0,,0.5,0.5,,0,,
1,0,,1,0,,100,,
1,1,,0.4,0.6,,100,,
1,1,,0,1,,100,,
1,1,,0,1,,0,,
1,1,,0,1,,100,,
1,1,,0,1,,100,,
1,1,,0.4,0.6,,100,,
1,0,,0.5,0.5,,100,,
1,1,,0,1,,0,,
1,1,,0,1,,0,,