molecular-promoters,CWE,test,3,NANOSECONDS,PREDICTIONS, Generated by ClassifierExperiments.java on 2022-05-15 22:14:17.    SYSTEMPROPERTIES:{user.name:matth,os.arch:amd64,os.name:Windows 10},ENDSYSTEMPROPERTIES
No parameter info
0.9090909090909091,42284300,26325100,-1,20031536,2,,-1,-1
0,0,,0.665858,0.334142,,1283800,,
0,0,,0.503947,0.496053,,1178400,,
0,0,,0.703709,0.296291,,1182200,,
0,0,,0.611363,0.388637,,1209500,,
0,0,,0.585284,0.414716,,1185700,,
0,0,,0.74711,0.25289,,1199300,,
0,1,,0.405664,0.594336,,1203800,,
0,0,,0.600247,0.399753,,1204300,,
0,1,,0.440518,0.559482,,1178800,,
0,0,,0.830063,0.169937,,1181900,,
0,0,,0.893043,0.106957,,1184800,,
1,1,,0.281298,0.718702,,1184200,,
1,1,,0.098595,0.901405,,1199100,,
1,1,,0.246658,0.753342,,1186800,,
1,1,,0.332564,0.667436,,1189400,,
1,1,,0.44993,0.55007,,1186600,,
1,1,,0.342735,0.657265,,1240900,,
1,1,,0.496043,0.503957,,1190000,,
1,1,,0.196635,0.803365,,1198900,,
1,1,,0.278985,0.721015,,1198100,,
1,1,,0.098472,0.901528,,1172500,,
1,1,,0.096631,0.903369,,1186100,,