molecular-promoters,CWE,test,1,NANOSECONDS,PREDICTIONS, Generated by ClassifierExperiments.java on 2022-05-15 21:49:50.    SYSTEMPROPERTIES:{user.name:matth,os.arch:amd64,os.name:Windows 10},ENDSYSTEMPROPERTIES
No parameter info
0.7727272727272727,39777800,25543000,-1,20931864,2,,-1,-1
0,0,,0.91763,0.08237,,1235800,,
0,1,,0.401916,0.598084,,1164500,,
0,0,,0.631004,0.368996,,1166200,,
0,0,,0.899288,0.100712,,1150800,,
0,1,,0.333876,0.666124,,1141800,,
0,1,,0.450722,0.549278,,1137200,,
0,0,,0.590793,0.409207,,1155600,,
0,0,,0.910954,0.089046,,1189500,,
0,0,,0.962183,0.037817,,1158200,,
0,0,,0.719843,0.280157,,1142600,,
0,1,,0.301653,0.698347,,1204200,,
1,0,,0.510241,0.489759,,1154700,,
1,1,,0.204574,0.795426,,1160100,,
1,1,,0.209415,0.790585,,1159500,,
1,1,,0.404317,0.595683,,1153900,,
1,1,,0.126933,0.873067,,1151500,,
1,1,,0.177193,0.822807,,1139800,,
1,1,,0.266105,0.733895,,1140000,,
1,1,,0.429314,0.570686,,1146400,,
1,1,,0.023529,0.976471,,1202200,,
1,1,,0.368583,0.631417,,1147600,,
1,1,,0.051731,0.948269,,1140900,,