molecular-promoters,CWE,test,2,NANOSECONDS,PREDICTIONS, Generated by ClassifierExperiments.java on 2022-05-15 21:59:51.    SYSTEMPROPERTIES:{user.name:matth,os.arch:amd64,os.name:Windows 10},ENDSYSTEMPROPERTIES
No parameter info
0.8181818181818182,46818500,27591300,-1,20271024,2,,-1,-1
0,0,,0.811599,0.188401,,1263500,,
0,0,,0.962724,0.037276,,1172200,,
0,0,,0.889848,0.110152,,1214900,,
0,0,,0.863392,0.136608,,1178000,,
0,0,,0.615101,0.384899,,1173400,,
0,0,,0.698182,0.301818,,1164300,,
0,0,,0.903294,0.096706,,1154000,,
0,0,,0.690294,0.309706,,1154900,,
0,0,,0.971295,0.028705,,1171900,,
0,0,,0.692486,0.307514,,1215000,,
0,0,,0.889932,0.110068,,1215400,,
1,0,,0.688549,0.311451,,2042700,,
1,1,,0.191119,0.808881,,1624600,,
1,1,,0.499772,0.500228,,1192700,,
1,1,,0.159721,0.840279,,1207200,,
1,1,,0.198725,0.801275,,1199300,,
1,0,,0.717986,0.282014,,1205000,,
1,0,,0.64401,0.35599,,1210900,,
1,1,,0.287048,0.712952,,1248000,,
1,1,,0.228768,0.771232,,1191800,,
1,1,,0.315434,0.684566,,1185400,,
1,0,,0.706058,0.293942,,1206200,,