molecular-promoters,CWE,test,4,NANOSECONDS,PREDICTIONS, Generated by ClassifierExperiments.java on 2022-05-15 22:25:46.    SYSTEMPROPERTIES:{user.name:matth,os.arch:amd64,os.name:Windows 10},ENDSYSTEMPROPERTIES
No parameter info
0.9090909090909091,42497700,27802100,-1,20220672,2,,-1,-1
0,1,,0.458577,0.541423,,2302000,,
0,0,,0.943506,0.056494,,2201400,,
0,0,,0.822196,0.177804,,2001600,,
0,0,,0.788863,0.211137,,1117300,,
0,1,,0.434354,0.565646,,1118000,,
0,0,,0.956863,0.043137,,1119600,,
0,0,,0.855254,0.144746,,1118200,,
0,0,,0.538168,0.461832,,1122700,,
0,0,,0.939339,0.060661,,1117400,,
0,0,,0.649673,0.350327,,1113000,,
0,0,,0.913853,0.086147,,1115600,,
1,1,,0.219583,0.780417,,1121900,,
1,1,,0.22125,0.77875,,1113500,,
1,1,,0.352339,0.647661,,1137000,,
1,1,,0.027333,0.972667,,1152600,,
1,1,,0.350619,0.649381,,1122000,,
1,1,,0.337413,0.662587,,1125600,,
1,1,,0.188726,0.811274,,1115200,,
1,1,,0.30327,0.69673,,1121800,,
1,1,,0.100361,0.899639,,1122700,,
1,1,,0.312679,0.687321,,1111900,,
1,1,,0.362298,0.637702,,1111100,,