parkinsons,Tuned_CWT,test,0,NANOSECONDS,PREDICTIONS, Generated by ClassifierExperiments.java on 2022-05-16 01:15:53.    SYSTEMPROPERTIES:{user.name:matth,os.arch:amd64,os.name:Windows 10},ENDSYSTEMPROPERTIES
No parameter info
0.75,45969200,34276100,-1,19404968,2,,-1,-1
0,1,,0.208139,0.791861,,971100,,
0,1,,0.203929,0.796071,,901000,,
0,1,,0.105143,0.894857,,863100,,
0,1,,0.319449,0.680551,,876100,,
0,1,,0.319449,0.680551,,871500,,
0,1,,0.137143,0.862857,,846100,,
0,1,,0.315238,0.684762,,846000,,
0,1,,0.17235,0.82765,,848500,,
0,1,,0.171929,0.828071,,844900,,
0,1,,0.287449,0.712551,,850300,,
1,1,,0.171929,0.828071,,893900,,
1,1,,0.011282,0.988718,,852000,,
1,1,,0.011282,0.988718,,849800,,
1,1,,0.019282,0.980718,,844500,,
1,1,,0.011282,0.988718,,848200,,
1,1,,0.105143,0.894857,,854800,,
1,1,,0.019703,0.980297,,845100,,
1,1,,0.051282,0.948718,,846900,,
1,1,,0.105143,0.894857,,853700,,
1,1,,0.011282,0.988718,,866400,,
1,1,,0.011282,0.988718,,851400,,
1,1,,0.011282,0.988718,,843200,,
1,1,,0.105143,0.894857,,847200,,
1,1,,0.011282,0.988718,,878600,,
1,1,,0.011282,0.988718,,850900,,
1,1,,0.011282,0.988718,,846300,,
1,1,,0.019703,0.980297,,848500,,
1,1,,0.02906,0.97094,,849400,,
1,1,,0.011282,0.988718,,847500,,
1,1,,0.011282,0.988718,,847500,,
1,1,,0.105143,0.894857,,852100,,
1,1,,0.019282,0.980718,,849300,,
1,1,,0.105143,0.894857,,848400,,
1,1,,0.011282,0.988718,,848400,,
1,1,,0.011282,0.988718,,850800,,
1,1,,0.019282,0.980718,,847900,,
1,1,,0.105143,0.894857,,847500,,
1,1,,0.011282,0.988718,,843800,,
1,1,,0.160301,0.839699,,851300,,
1,1,,0.105143,0.894857,,852200,,