parkinsons,Tuned_CWT,test,4,NANOSECONDS,PREDICTIONS, Generated by ClassifierExperiments.java on 2022-05-16 01:29:56.    SYSTEMPROPERTIES:{user.name:matth,os.arch:amd64,os.name:Windows 10},ENDSYSTEMPROPERTIES
No parameter info
0.825,47744900,36546400,-1,21162216,2,,-1,-1
0,1,,0.092583,0.907417,,979700,,
0,0,,0.639717,0.360283,,904500,,
0,1,,0.09869,0.90131,,899300,,
0,1,,0.076856,0.923144,,934400,,
0,1,,0.004103,0.995897,,909300,,
0,1,,0.264162,0.735838,,904600,,
0,1,,0.464162,0.535838,,917100,,
0,0,,0.719717,0.280283,,911600,,
0,0,,0.699717,0.300283,,910000,,
0,1,,0.010598,0.989402,,911100,,
1,1,,0.499717,0.500283,,908000,,
1,1,,0.004103,0.995897,,910000,,
1,1,,0.004103,0.995897,,909500,,
1,1,,0.004103,0.995897,,908600,,
1,1,,0.004103,0.995897,,912900,,
1,1,,0.114805,0.885195,,909400,,
1,1,,0.004103,0.995897,,912300,,
1,1,,0.123135,0.876865,,920100,,
1,1,,0.259717,0.740283,,911200,,
1,1,,0.004103,0.995897,,909700,,
1,1,,0.094805,0.905195,,927700,,
1,1,,0.004103,0.995897,,911700,,
1,1,,0.074805,0.925195,,909800,,
1,1,,0.004103,0.995897,,907800,,
1,1,,0.004103,0.995897,,913500,,
1,1,,0.004103,0.995897,,911800,,
1,1,,0.004103,0.995897,,911500,,
1,1,,0.004103,0.995897,,911800,,
1,1,,0.266384,0.733616,,912600,,
1,1,,0.004103,0.995897,,912200,,
1,1,,0.004103,0.995897,,911000,,
1,1,,0.284162,0.715838,,910900,,
1,1,,0.004103,0.995897,,909300,,
1,1,,0.004103,0.995897,,910600,,
1,1,,0.004103,0.995897,,908800,,
1,1,,0.004103,0.995897,,913800,,
1,1,,0.004103,0.995897,,927600,,
1,1,,0.004103,0.995897,,910300,,
1,1,,0.004103,0.995897,,911000,,
1,1,,0.004103,0.995897,,909400,,