parkinsons,Tuned_CWT,test,3,NANOSECONDS,PREDICTIONS, Generated by ClassifierExperiments.java on 2022-05-16 01:26:18.    SYSTEMPROPERTIES:{user.name:matth,os.arch:amd64,os.name:Windows 10},ENDSYSTEMPROPERTIES
No parameter info
0.75,52689300,34491000,-1,20713240,2,,-1,-1
0,1,,0.177452,0.822548,,957200,,
0,1,,0.139596,0.860404,,865300,,
0,1,,0.225141,0.774859,,862000,,
0,1,,0.098505,0.901495,,865500,,
0,1,,0.265482,0.734518,,857100,,
0,1,,0.118505,0.881495,,858700,,
0,1,,0.098505,0.901495,,861300,,
0,1,,0.046154,0.953846,,856900,,
0,1,,0.161818,0.838182,,857400,,
0,1,,0.098505,0.901495,,853800,,
1,1,,0.014154,0.985846,,886800,,
1,1,,0.006154,0.993846,,1049500,,
1,1,,0.016154,0.983846,,857300,,
1,1,,0.006154,0.993846,,862600,,
1,1,,0.020785,0.979215,,851900,,
1,1,,0.110505,0.889495,,853000,,
1,1,,0.031932,0.968068,,887500,,
1,1,,0.249037,0.750963,,844400,,
1,1,,0.014154,0.985846,,843100,,
1,1,,0.099675,0.900325,,847400,,
1,1,,0.034154,0.965846,,865500,,
1,1,,0.006154,0.993846,,856400,,
1,1,,0.014154,0.985846,,847200,,
1,1,,0.125658,0.874342,,843400,,
1,1,,0.006154,0.993846,,842200,,
1,1,,0.024923,0.975077,,843500,,
1,1,,0.024923,0.975077,,840100,,
1,1,,0.016154,0.983846,,884600,,
1,1,,0.098505,0.901495,,860500,,
1,1,,0.031932,0.968068,,842700,,
1,1,,0.006154,0.993846,,841500,,
1,1,,0.091497,0.908503,,841400,,
1,1,,0.031932,0.968068,,842700,,
1,1,,0.024923,0.975077,,865000,,
1,1,,0.031932,0.968068,,841000,,
1,1,,0.031932,0.968068,,850500,,
1,1,,0.098505,0.901495,,857000,,
1,1,,0.167658,0.832342,,859500,,
1,1,,0.100727,0.899273,,844500,,
1,1,,0.136283,0.863717,,843100,,