spect-heart,CWE,test,0,NANOSECONDS,PREDICTIONS, Generated by ClassifierExperiments.java on 2022-05-16 12:45:40.    SYSTEMPROPERTIES:{user.name:matth,os.arch:amd64,os.name:Windows 10},ENDSYSTEMPROPERTIES
No parameter info
0.6481481481481481,130900,4800,-1,22679464,2,,-1,-1
0,0,,0.762963,0.237037,,800,,
0,0,,0.762963,0.237037,,100,,
0,0,,0.762963,0.237037,,100,,
0,0,,0.762963,0.237037,,100,,
0,0,,0.762963,0.237037,,100,,
0,1,,0.282051,0.717949,,100,,
0,0,,0.762963,0.237037,,100,,
0,0,,0.762963,0.237037,,0,,
0,1,,0.282051,0.717949,,100,,
0,1,,0.282051,0.717949,,100,,
0,1,,0.282051,0.717949,,100,,
0,0,,0.762963,0.237037,,100,,
0,0,,0.762963,0.237037,,0,,
0,0,,0.762963,0.237037,,100,,
0,0,,0.762963,0.237037,,0,,
0,0,,0.762963,0.237037,,100,,
0,0,,0.762963,0.237037,,0,,
0,0,,0.762963,0.237037,,100,,
0,0,,0.762963,0.237037,,100,,
0,0,,0.762963,0.237037,,0,,
0,1,,0.282051,0.717949,,100,,
0,0,,0.762963,0.237037,,100,,
0,1,,0.282051,0.717949,,100,,
0,0,,0.762963,0.237037,,100,,
0,0,,0.762963,0.237037,,100,,
0,1,,0.282051,0.717949,,0,,
0,0,,0.762963,0.237037,,100,,
0,0,,0.762963,0.237037,,0,,
0,0,,0.762963,0.237037,,100,,
0,1,,0.282051,0.717949,,0,,
0,0,,0.762963,0.237037,,100,,
0,0,,0.762963,0.237037,,0,,
1,0,,0.762963,0.237037,,100,,
1,1,,0.282051,0.717949,,0,,
1,1,,0.282051,0.717949,,100,,
1,0,,0.762963,0.237037,,0,,
1,0,,0.762963,0.237037,,100,,
1,1,,0.282051,0.717949,,100,,
1,0,,0.762963,0.237037,,100,,
1,1,,0.282051,0.717949,,100,,
1,0,,0.762963,0.237037,,0,,
1,1,,0.282051,0.717949,,100,,
1,0,,0.762963,0.237037,,100,,
1,1,,0.282051,0.717949,,100,,
1,0,,0.762963,0.237037,,100,,
1,1,,0.282051,0.717949,,0,,
1,0,,0.762963,0.237037,,100,,
1,1,,0.282051,0.717949,,100,,
1,1,,0.282051,0.717949,,100,,
1,0,,0.762963,0.237037,,100,,
1,1,,0.282051,0.717949,,100,,
1,1,,0.282051,0.717949,,100,,
1,0,,0.762963,0.237037,,100,,
1,0,,0.762963,0.237037,,100,,