spect-heart,CWE,test,1,NANOSECONDS,PREDICTIONS, Generated by ClassifierExperiments.java on 2022-05-16 12:45:41.    SYSTEMPROPERTIES:{user.name:matth,os.arch:amd64,os.name:Windows 10},ENDSYSTEMPROPERTIES
No parameter info
0.7592592592592593,151200,5900,-1,0,2,,-1,-1
0,1,,0.4,0.6,,600,,
0,0,,0.768519,0.231481,,200,,
0,0,,0.768519,0.231481,,200,,
0,1,,0.4,0.6,,100,,
0,0,,0.768519,0.231481,,100,,
0,0,,0.768519,0.231481,,100,,
0,0,,0.768519,0.231481,,100,,
0,0,,0.768519,0.231481,,200,,
0,0,,0.768519,0.231481,,200,,
0,0,,0.768519,0.231481,,200,,
0,1,,0.4,0.6,,0,,
0,1,,0.4,0.6,,100,,
0,0,,0.768519,0.231481,,100,,
0,0,,0.768519,0.231481,,100,,
0,0,,0.768519,0.231481,,100,,
0,0,,0.768519,0.231481,,100,,
0,1,,0.4,0.6,,100,,
0,0,,0.768519,0.231481,,100,,
0,0,,0.768519,0.231481,,100,,
0,0,,0.768519,0.231481,,100,,
0,1,,0.4,0.6,,100,,
0,0,,0.768519,0.231481,,100,,
0,1,,0.4,0.6,,0,,
0,1,,0.4,0.6,,100,,
0,0,,0.768519,0.231481,,100,,
0,0,,0.768519,0.231481,,100,,
0,0,,0.768519,0.231481,,100,,
0,1,,0.4,0.6,,100,,
0,0,,0.768519,0.231481,,100,,
0,0,,0.768519,0.231481,,100,,
0,0,,0.768519,0.231481,,100,,
0,0,,0.768519,0.231481,,0,,
1,1,,0.4,0.6,,100,,
1,1,,0.4,0.6,,100,,
1,1,,0.4,0.6,,100,,
1,1,,0.4,0.6,,100,,
1,1,,0.4,0.6,,100,,
1,1,,0.4,0.6,,0,,
1,0,,0.768519,0.231481,,100,,
1,1,,0.4,0.6,,100,,
1,1,,0.4,0.6,,100,,
1,1,,0.4,0.6,,100,,
1,1,,0.4,0.6,,100,,
1,1,,0.4,0.6,,100,,
1,1,,0.4,0.6,,100,,
1,0,,0.768519,0.231481,,100,,
1,1,,0.4,0.6,,100,,
1,1,,0.4,0.6,,100,,
1,1,,0.4,0.6,,100,,
1,0,,0.768519,0.231481,,0,,
1,1,,0.4,0.6,,100,,
1,1,,0.4,0.6,,100,,
1,0,,0.768519,0.231481,,100,,
1,1,,0.4,0.6,,100,,