spect-heart,CWE,test,2,NANOSECONDS,PREDICTIONS, Generated by ClassifierExperiments.java on 2022-05-16 12:45:43.    SYSTEMPROPERTIES:{user.name:matth,os.arch:amd64,os.name:Windows 10},ENDSYSTEMPROPERTIES
No parameter info
0.6851851851851852,151500,2700,-1,22868616,2,,-1,-1
0,1,,0.283784,0.716216,,300,,
0,1,,0.283784,0.716216,,0,,
0,0,,0.748201,0.251799,,100,,
0,0,,0.748201,0.251799,,100,,
0,0,,0.748201,0.251799,,0,,
0,0,,0.748201,0.251799,,0,,
0,1,,0.283784,0.716216,,0,,
0,0,,0.748201,0.251799,,0,,
0,0,,0.748201,0.251799,,100,,
0,0,,0.748201,0.251799,,0,,
0,0,,0.748201,0.251799,,0,,
0,0,,0.748201,0.251799,,100,,
0,0,,0.748201,0.251799,,0,,
0,0,,0.748201,0.251799,,0,,
0,1,,0.283784,0.716216,,100,,
0,1,,0.283784,0.716216,,100,,
0,0,,0.748201,0.251799,,0,,
0,1,,0.283784,0.716216,,0,,
0,0,,0.748201,0.251799,,0,,
0,0,,0.748201,0.251799,,100,,
0,0,,0.748201,0.251799,,0,,
0,1,,0.283784,0.716216,,0,,
0,0,,0.748201,0.251799,,100,,
0,0,,0.748201,0.251799,,100,,
0,0,,0.748201,0.251799,,0,,
0,0,,0.748201,0.251799,,0,,
0,1,,0.283784,0.716216,,100,,
0,0,,0.748201,0.251799,,100,,
0,0,,0.748201,0.251799,,0,,
0,0,,0.748201,0.251799,,100,,
0,1,,0.283784,0.716216,,100,,
0,0,,0.748201,0.251799,,100,,
1,1,,0.283784,0.716216,,100,,
1,1,,0.283784,0.716216,,0,,
1,0,,0.748201,0.251799,,100,,
1,0,,0.748201,0.251799,,0,,
1,1,,0.283784,0.716216,,100,,
1,1,,0.283784,0.716216,,0,,
1,1,,0.283784,0.716216,,100,,
1,0,,0.748201,0.251799,,100,,
1,1,,0.283784,0.716216,,0,,
1,1,,0.283784,0.716216,,0,,
1,0,,0.748201,0.251799,,100,,
1,1,,0.283784,0.716216,,0,,
1,1,,0.283784,0.716216,,0,,
1,1,,0.283784,0.716216,,100,,
1,1,,0.283784,0.716216,,0,,
1,1,,0.283784,0.716216,,0,,
1,0,,0.748201,0.251799,,100,,
1,0,,0.748201,0.251799,,100,,
1,0,,0.748201,0.251799,,0,,
1,1,,0.283784,0.716216,,100,,
1,1,,0.283784,0.716216,,0,,
1,0,,0.748201,0.251799,,0,,