spect-heart,CWE,test,2,NANOSECONDS,PREDICTIONS, Generated by ClassifierExperiments.java on 2022-05-16 03:29:40.    SYSTEMPROPERTIES:{user.name:matth,os.arch:amd64,os.name:Windows 10},ENDSYSTEMPROPERTIES
No parameter info
0.6851851851851852,114500,3100,-1,22983408,2,,-1,-1
0,1,,0.283784,0.716216,,200,,
0,1,,0.283784,0.716216,,0,,
0,0,,0.748201,0.251799,,100,,
0,0,,0.748201,0.251799,,100,,
0,0,,0.748201,0.251799,,0,,
0,0,,0.748201,0.251799,,100,,
0,1,,0.283784,0.716216,,100,,
0,0,,0.748201,0.251799,,0,,
0,0,,0.748201,0.251799,,0,,
0,0,,0.748201,0.251799,,0,,
0,0,,0.748201,0.251799,,100,,
0,0,,0.748201,0.251799,,100,,
0,0,,0.748201,0.251799,,100,,
0,0,,0.748201,0.251799,,100,,
0,1,,0.283784,0.716216,,0,,
0,1,,0.283784,0.716216,,100,,
0,0,,0.748201,0.251799,,100,,
0,1,,0.283784,0.716216,,100,,
0,0,,0.748201,0.251799,,0,,
0,0,,0.748201,0.251799,,100,,
0,0,,0.748201,0.251799,,100,,
0,1,,0.283784,0.716216,,100,,
0,0,,0.748201,0.251799,,0,,
0,0,,0.748201,0.251799,,0,,
0,0,,0.748201,0.251799,,100,,
0,0,,0.748201,0.251799,,100,,
0,1,,0.283784,0.716216,,0,,
0,0,,0.748201,0.251799,,0,,
0,0,,0.748201,0.251799,,100,,
0,0,,0.748201,0.251799,,0,,
0,1,,0.283784,0.716216,,0,,
0,0,,0.748201,0.251799,,100,,
1,1,,0.283784,0.716216,,100,,
1,1,,0.283784,0.716216,,0,,
1,0,,0.748201,0.251799,,0,,
1,0,,0.748201,0.251799,,0,,
1,1,,0.283784,0.716216,,100,,
1,1,,0.283784,0.716216,,100,,
1,1,,0.283784,0.716216,,0,,
1,0,,0.748201,0.251799,,100,,
1,1,,0.283784,0.716216,,100,,
1,1,,0.283784,0.716216,,0,,
1,0,,0.748201,0.251799,,100,,
1,1,,0.283784,0.716216,,100,,
1,1,,0.283784,0.716216,,0,,
1,1,,0.283784,0.716216,,0,,
1,1,,0.283784,0.716216,,100,,
1,1,,0.283784,0.716216,,0,,
1,0,,0.748201,0.251799,,0,,
1,0,,0.748201,0.251799,,100,,
1,0,,0.748201,0.251799,,100,,
1,1,,0.283784,0.716216,,0,,
1,1,,0.283784,0.716216,,100,,
1,0,,0.748201,0.251799,,0,,