spect-heart,CWE,test,4,NANOSECONDS,PREDICTIONS, Generated by ClassifierExperiments.java on 2022-05-16 23:37:34.    SYSTEMPROPERTIES:{user.name:matth,os.arch:amd64,os.name:Windows 10},ENDSYSTEMPROPERTIES
No parameter info
0.6666666666666666,28307300,29687900,-1,0,2,,-1,-1
0,0,,0.80039,0.19961,,633400,,
0,0,,0.688261,0.311739,,560800,,
0,0,,0.688261,0.311739,,522600,,
0,0,,0.622726,0.377274,,534000,,
0,0,,0.625884,0.374116,,526900,,
0,0,,0.82037,0.17963,,528400,,
0,0,,0.600292,0.399708,,656200,,
0,0,,0.787966,0.212034,,527900,,
0,1,,0.374663,0.625337,,542100,,
0,0,,0.67264,0.32736,,522200,,
0,0,,0.80039,0.19961,,534900,,
0,0,,0.693594,0.306406,,538900,,
0,0,,0.729411,0.270589,,542000,,
0,0,,0.676919,0.323081,,539200,,
0,1,,0.424618,0.575382,,528000,,
0,0,,0.757672,0.242328,,536800,,
0,0,,0.648741,0.351259,,593800,,
0,1,,0.48174,0.51826,,539600,,
0,0,,0.667359,0.332641,,531300,,
0,1,,0.333881,0.666119,,675000,,
0,0,,0.659174,0.340826,,763200,,
0,0,,0.796766,0.203234,,541700,,
0,0,,0.543008,0.456992,,605100,,
0,1,,0.350129,0.649871,,533600,,
0,0,,0.642411,0.357589,,535600,,
0,1,,0.485707,0.514293,,545800,,
0,0,,0.665802,0.334198,,621700,,
0,0,,0.766005,0.233995,,550900,,
0,1,,0.315832,0.684168,,544900,,
0,1,,0.341272,0.658728,,524900,,
0,0,,0.80039,0.19961,,539000,,
0,0,,0.727546,0.272454,,536100,,
1,0,,0.686719,0.313281,,532500,,
1,0,,0.688261,0.311739,,536200,,
1,1,,0.305951,0.694049,,528800,,
1,0,,0.680643,0.319357,,526800,,
1,0,,0.521915,0.478085,,524900,,
1,0,,0.546745,0.453255,,534200,,
1,0,,0.594027,0.405973,,541300,,
1,1,,0.400857,0.599143,,560000,,
1,1,,0.306622,0.693378,,530700,,
1,1,,0.442379,0.557621,,525500,,
1,1,,0.218685,0.781315,,524800,,
1,0,,0.80039,0.19961,,531600,,
1,1,,0.378065,0.621935,,525500,,
1,1,,0.489973,0.510027,,532600,,
1,1,,0.487654,0.512346,,572500,,
1,0,,0.723527,0.276473,,530700,,
1,0,,0.506165,0.493835,,531700,,
1,1,,0.354598,0.645402,,523400,,
1,0,,0.639589,0.360411,,531000,,
1,1,,0.430651,0.569349,,532400,,
1,1,,0.497654,0.502346,,530700,,
1,1,,0.284246,0.715754,,523600,,