fertility,Tuned_CWT,test,0,NANOSECONDS,PREDICTIONS, Generated by ClassifierExperiments.java on 2022-05-15 23:34:24.    SYSTEMPROPERTIES:{user.name:matth,os.arch:amd64,os.name:Windows 10},ENDSYSTEMPROPERTIES
No parameter info
0.8095238095238095,16815000,8624600,-1,19070696,2,,-1,-1
0,0,,0.95315,0.04685,,476900,,
0,1,,0.102857,0.897143,,413700,,
0,0,,0.948984,0.051016,,407900,,
0,0,,0.907436,0.092564,,409900,,
0,0,,0.96,0.04,,420200,,
0,0,,0.955,0.045,,410300,,
0,0,,0.990769,0.009231,,407000,,
0,0,,1,0,,403300,,
0,0,,0.955,0.045,,403000,,
0,0,,0.955,0.045,,403300,,
0,0,,1,0,,402800,,
0,0,,0.986667,0.013333,,405800,,
0,0,,1,0,,404300,,
0,1,,0.12,0.88,,407300,,
0,0,,0.955,0.045,,404900,,
0,0,,1,0,,402400,,
0,0,,0.983269,0.016731,,412200,,
0,0,,0.5,0.5,,405700,,
1,0,,0.990769,0.009231,,406800,,
1,0,,0.982857,0.017143,,409300,,
1,1,,0.110769,0.889231,,407600,,