fertility,Tuned_CWT,test,2,NANOSECONDS,PREDICTIONS, Generated by ClassifierExperiments.java on 2022-05-16 00:03:22.    SYSTEMPROPERTIES:{user.name:matth,os.arch:amd64,os.name:Windows 10},ENDSYSTEMPROPERTIES
No parameter info
0.7619047619047619,19350300,9136400,-1,21107480,2,,-1,-1
0,0,,0.878182,0.121818,,506000,,
0,0,,1,0,,424200,,
0,0,,1,0,,422900,,
0,0,,1,0,,430100,,
0,0,,1,0,,492700,,
0,0,,1,0,,424600,,
0,1,,0.178182,0.821818,,433300,,
0,0,,0.98,0.02,,442800,,
0,1,,0.178182,0.821818,,429400,,
0,0,,1,0,,429900,,
0,0,,1,0,,430100,,
0,0,,1,0,,427100,,
0,0,,1,0,,426700,,
0,0,,1,0,,417500,,
0,0,,1,0,,452600,,
0,0,,1,0,,425600,,
0,0,,1,0,,427000,,
0,1,,0,1,,421700,,
1,1,,0.15,0.85,,426700,,
1,0,,0.97,0.03,,426100,,
1,0,,1,0,,419400,,